apiLog,2024-04-21 12:32:01.101773,12:32:01,,0:00:00.174410,0.0,{version: 1.0}
apiLog,2024-04-21 12:32:01.101773,12:32:01,,0:00:00.174410,0.0,{version: 1.0, apilog__MyHomePageState: from _MyHomePageState: counter value 1 }
apiLog,2024-04-21 12:32:01.101773,12:32:01,,0:00:00.174410,0.0,{version: 1.0, apilog__MyHomePageState: from _MyHomePageState: counter value 2 }
apiLog,2024-04-21 12:32:01.101773,12:32:01,,0:00:00.174410,0.0,{version: 1.0, apilog__MyHomePageState: from _MyHomePageState: counter value 3 }
apiLog,2024-04-21 12:32:01.101773,12:32:01,,0:00:00.174410,0.0,{version: 1.0, apilog__MyHomePageState: from _MyHomePageState: counter value 4 }
apiLog,2024-04-21 12:32:01.101773,12:32:01,,0:00:00.174410,0.0,{version: 1.0, apilog__MyHomePageState: from _MyHomePageState: counter value 5 }
apiLog,2024-04-21 12:32:01.101773,12:32:01,,0:00:00.174410,0.0,{version: 1.0, apilog__MyHomePageState: from _MyHomePageState: counter value 6 }
apiLog,2024-04-21 12:32:01.101773,12:32:01,,0:00:00.174410,0.0,{version: 1.0, apilog__MyHomePageState: from _MyHomePageState: counter value 7 }
apiLog,2024-04-21 12:32:01.101773,12:32:01,,0:00:00.174410,0.0,{version: 1.0, apilog__MyHomePageState: from _MyHomePageState: counter value 8 }
apiLog,2024-04-21 12:32:01.101773,12:32:01,,0:00:00.174410,0.0,{version: 1.0, apilog__MyHomePageState: from _MyHomePageState: counter value 9 }
apiLog,2024-04-21 12:32:01.101773,12:32:01,,0:00:00.174410,0.0,{version: 1.0, apilog__MyHomePageState: from _MyHomePageState: counter value 10 }
apiLog,2024-04-21 12:32:01.101773,12:32:01,,0:00:00.174410,0.0,{version: 1.0, apilog__MyHomePageState: from _MyHomePageState: counter value 11 }
apiLog,2024-04-21 12:32:01.101773,12:32:01,,0:00:00.174410,0.0,{version: 1.0, apilog__MyHomePageState: from _MyHomePageState: counter value 12 }
apiLog,2024-04-21 12:32:01.101773,12:32:01,,0:00:00.174410,0.0,{version: 1.0, apilog__MyHomePageState: from _MyHomePageState: counter value 13 }
apiLog,2024-04-21 12:32:01.101773,12:32:01,,0:00:00.174410,0.0,{version: 1.0, apilog__MyHomePageState: from _MyHomePageState: counter value 14 }
apiLog,2024-04-21 12:32:01.101773,12:32:01,,0:00:00.174410,0.0,{version: 1.0, apilog__MyHomePageState: from _MyHomePageState: counter value 15 }
apiLog,2024-04-21 12:32:01.101773,12:32:01,,0:00:00.174410,0.0,{version: 1.0, apilog__MyHomePageState: from _MyHomePageState: counter value 16 }
apiLog,2024-04-21 12:32:01.101773,12:32:01,,0:00:00.174410,0.0,{version: 1.0, apilog__MyHomePageState: from _MyHomePageState: counter value 17 }
apiLog,2024-04-21 12:32:01.101773,12:32:01,,0:00:00.174410,0.0,{version: 1.0, apilog__MyHomePageState: from _MyHomePageState: counter value 18 }
apiLog,2024-04-21 12:32:01.101773,12:32:01,,0:00:00.174410,0.0,{version: 1.0, apilog__MyHomePageState: from _MyHomePageState: counter value 19 }
apiLog,2024-04-21 12:32:01.101773,12:32:01,,0:00:00.174410,0.0,{version: 1.0, apilog__MyHomePageState: from _MyHomePageState: counter value 20 }
apiLog,2024-04-21 12:32:01.101773,12:32:01,,0:00:00.174410,0.0,{version: 1.0, apilog__MyHomePageState: from _MyHomePageState: counter value 21 }
apiLog,2024-04-21 12:32:01.101773,12:32:01,,0:00:00.174410,0.0,{version: 1.0, apilog__MyHomePageState: from _MyHomePageState: counter value 22 }
apiLog,2024-04-21 12:32:01.101773,12:32:01,,0:00:00.174410,0.0,{version: 1.0, apilog__MyHomePageState: from _MyHomePageState: counter value 23 }
apiLog,2024-04-21 12:32:01.101773,12:32:01,,0:00:00.174410,0.0,{version: 1.0, apilog__MyHomePageState: from _MyHomePageState: counter value 24 }
apiLog,2024-04-21 12:32:01.101773,12:32:01,,0:00:00.174410,0.0,{version: 1.0, apilog__MyHomePageState: from _MyHomePageState: counter value 25 }
apiLog,2024-04-21 12:32:01.101773,12:32:01,,0:00:00.174410,0.0,{version: 1.0, apilog__MyHomePageState: from _MyHomePageState: counter value 26 }
apiLog,2024-04-21 12:32:01.101773,12:32:01,,0:00:00.174410,0.0,{version: 1.0, apilog__MyHomePageState: from _MyHomePageState: counter value 27 }
apiLog,2024-04-21 12:32:01.101773,12:32:01,,0:00:00.174410,0.0,{version: 1.0, apilog__MyHomePageState: from _MyHomePageState: counter value 28 }
apiLog,2024-04-21 12:32:01.101773,12:32:01,,0:00:00.174410,0.0,{version: 1.0, apilog__MyHomePageState: from _MyHomePageState: counter value 29 }
apiLog,2024-04-21 12:32:01.101773,12:32:01,,0:00:00.174410,0.0,{version: 1.0, apilog__MyHomePageState: from _MyHomePageState: counter value 30 }
apiLog,2024-04-21 12:32:01.101773,12:32:01,,0:00:00.174410,0.0,{version: 1.0, apilog__MyHomePageState: from _MyHomePageState: counter value 31 }
apiLog,2024-04-21 12:32:01.101773,12:32:01,,0:00:00.174410,0.0,{version: 1.0, apilog__MyHomePageState: from _MyHomePageState: counter value 32 }
apiLog,2024-04-21 12:32:01.101773,12:32:01,,0:00:00.174410,0.0,{version: 1.0, apilog__MyHomePageState: from _MyHomePageState: counter value 33 }
apiLog,2024-04-21 12:32:01.101773,12:32:01,,0:00:00.174410,0.0,{version: 1.0, apilog__MyHomePageState: from _MyHomePageState: counter value 34 }
apiLog,2024-04-21 12:32:01.101773,12:32:01,,0:00:00.174410,0.0,{version: 1.0, apilog__MyHomePageState: from _MyHomePageState: counter value 35 }
apiLog,2024-04-21 12:32:01.101773,12:32:01,,0:00:00.174410,0.0,{version: 1.0, apilog__MyHomePageState: from _MyHomePageState: counter value 36 }
apiLog,2024-04-21 12:32:01.101773,12:32:01,,0:00:00.174410,0.0,{version: 1.0, apilog__MyHomePageState: from _MyHomePageState: counter value 37 }
apiLog,2024-04-21 12:32:01.101773,12:32:01,,0:00:00.174410,0.0,{version: 1.0, apilog__MyHomePageState: from _MyHomePageState: counter value 38 }
apiLog,2024-04-21 12:32:01.101773,12:32:01,,0:00:00.174410,0.0,{version: 1.0, apilog__MyHomePageState: from _MyHomePageState: counter value 39 }
