flpro1_log,2024-04-21 18:35:57.319028,18:41:29,,0:05:32.461966,332.0,{module_import: version_001}
flpro1_log,2024-04-21 18:35:57.319028,18:41:32,,0:05:34.976063,334.0,{module_import: version_001}
flpro1_log,2024-04-21 18:35:57.319028,18:41:32,,0:05:35.490963,335.0,{module_import: version_001}
flpro1_log,2024-04-21 18:35:57.319028,18:41:33,,0:05:36.208299,336.0,{module_import: version_001}
flpro1_log,2024-04-21 18:35:57.319028,18:41:34,,0:05:37.090844,337.0,{module_import: version_001}
flpro1_log,2024-04-21 18:35:57.319028,18:41:35,,0:05:37.989511,337.0,{module_import: version_001, Camp_User001: {"User_name":"User001","campaign_desc":"Desc:CampDescbyUserOne","vote":"Yes","remark":"User001_Yes"}}
flpro1_log,2024-04-21 18:35:57.319028,18:41:37,,0:05:40.132183,340.0,{module_import: version_001, Camp_User001: {"User_name":"User001","campaign_desc":"Desc:CampDescbyUserOne","vote":"Yes","remark":"User001_Yes"}}
flpro1_log,2024-04-21 18:35:57.319028,18:41:38,,0:05:41.124560,341.0,{module_import: version_001, Camp_User001: {"User_name":"User001","campaign_desc":"Desc:CampDescbyUserOne","vote":"Yes","remark":"User001_Yes"}}
flpro1_log,2024-04-21 18:35:57.319028,18:41:39,,0:05:42.156978,342.0,{module_import: version_001, Camp_User001: {"User_name":"User001","campaign_desc":"Desc:CampDescbyUserOne","vote":"Yes","remark":"User001_Yes"}}
flpro1_log,2024-04-21 18:35:57.319028,18:41:55,,0:05:57.726668,357.0,{module_import: version_001, Camp_User001: {"User_name":"User001","campaign_desc":"Desc:CampDescbyUserOne","vote":"Yes","remark":"User001_Yes"}}
flpro1_log,2024-04-21 18:35:57.319028,18:41:57,,0:06:00.341206,360.0,{module_import: version_001, Camp_User001: {"User_name":"User001","campaign_desc":"Desc:CampDescbyUserOne","vote":"Yes","remark":"User001_Yes"}}
flpro1_log,2024-04-21 18:35:57.319028,18:41:58,,0:06:01.292156,361.0,{module_import: version_001, Camp_User001: {"User_name":"User001","campaign_desc":"Desc:CampDescbyUserOne","vote":"Yes","remark":"User001_Yes"}}
flpro1_log,2024-04-21 18:35:57.319028,18:41:59,,0:06:01.840674,361.0,{module_import: version_001, Camp_User001: {"User_name":"User001","campaign_desc":"Desc:CampDescbyUserOne","vote":"Yes","remark":"User001_Yes"}}
flpro1_log,2024-04-21 18:35:57.319028,18:42:00,,0:06:03.067518,363.0,{module_import: version_001, Camp_User001: {"User_name":"User001","campaign_desc":"Desc:CampDescbyUserOne","vote":"Yes","remark":"User001_Yes"}}
flpro1_log,2024-04-21 18:35:57.319028,18:42:06,,0:06:09.285759,369.0,{module_import: version_001, Camp_User001: {"User_name":"User001","campaign_desc":"Desc:CampDescbyUserOne","vote":"Yes","remark":"User001_Yes"}}
flpro1_log,2024-04-21 18:35:57.319028,18:42:12,,0:06:15.208091,375.0,{module_import: version_001, Camp_User001: {"User_name":"User001","campaign_desc":"Desc:CampDescbyUserOne","vote":"Yes","remark":"User001_Yes"}}
flpro1_log,2024-04-21 18:35:57.319028,18:42:13,,0:06:15.911899,375.0,{module_import: version_001, Camp_User001: {"User_name":"User001","campaign_desc":"Desc:CampDescbyUserOne","vote":"Yes","remark":"User001_Yes"}}
flpro1_log,2024-04-21 18:35:57.319028,18:42:13,,0:06:16.620187,376.0,{module_import: version_001, Camp_User001: {"User_name":"User001","campaign_desc":"Desc:CampDescbyUserOne","vote":"Yes","remark":"User001_Yes"}}
flpro1_log,2024-04-21 18:35:57.319028,18:42:14,,0:06:17.156643,377.0,{module_import: version_001, Camp_User001: {"User_name":"User001","campaign_desc":"Desc:CampDescbyUserOne","vote":"Yes","remark":"User001_Yes"}}
flpro1_log,2024-04-21 18:35:57.319028,18:42:19,,0:06:22.192733,382.0,{module_import: version_001, Camp_User001: {"User_name":"User001","campaign_desc":"Desc:CampDescbyUserOne","vote":"Yes","remark":"User001_Yes"}}
flpro1_log,2024-04-21 19:48:16.813894,19:52:55,,0:04:38.725630,278.0,{module_import: version_001}
flpro1_log,2024-04-21 19:48:16.813894,19:52:57,,0:04:41.060648,281.0,{module_import: version_001, Camp_User001: {"User_name":"User001","campaign_desc":"Desc:CampDescbyUserOne","vote":"Yes","remark":"User001_Yes"}}
flpro1_log,2024-04-21 19:48:16.813894,19:52:59,,0:04:42.933146,282.0,{module_import: version_001, Camp_User001: {"User_name":"User001","campaign_desc":"Desc:CampDescbyUserOne","vote":"Yes","remark":"User001_Yes"}}
flpro1_log,2024-04-21 19:48:16.813894,19:53:01,,0:04:44.579954,284.0,{module_import: version_001, Camp_User001: {"User_name":"User001","campaign_desc":"Desc:CampDescbyUserOne","vote":"Yes","remark":"User001_Yes"}}
flpro1_log,2024-04-21 19:48:16.813894,19:53:05,,0:04:49.077721,289.0,{module_import: version_001, Camp_User001: {"User_name":"User001","campaign_desc":"Desc:CampDescbyUserOne","vote":"Yes","remark":"User001_Yes"}}
flpro1_log,2024-04-21 19:48:16.813894,19:53:07,,0:04:50.940344,290.0,{module_import: version_001, Camp_User001: {"User_name":"User001","campaign_desc":"Desc:CampDescbyUserOne","vote":"Yes","remark":"User001_Yes"}}
flpro1_log,2024-04-21 19:48:16.813894,19:53:09,,0:04:52.825221,292.0,{module_import: version_001, Camp_User001: {"User_name":"User001","campaign_desc":"Desc:CampDescbyUserOne","vote":"Yes","remark":"User001_Yes"}}
flpro1_log,2024-04-21 19:48:16.813894,19:56:32,,0:08:15.289706,495.0,{module_import: version_001, Camp_User001: {"User_name":"User001","campaign_desc":"Desc:CampDescbyUserOne","vote":"Yes","remark":"User001_Yes"}}
flpro1_log,2024-04-21 19:48:16.813894,19:56:59,,0:08:42.450114,522.0,{module_import: version_001, Camp_User001: {"User_name":"User001","campaign_desc":"Desc:CampDescbyUserOne","vote":"Yes","remark":"User001_Yes"}}
flpro1_log,2024-04-21 19:48:16.813894,19:57:00,,0:08:43.227198,523.0,{module_import: version_001, Camp_User001: {"User_name":"User001","campaign_desc":"Desc:CampDescbyUserOne","vote":"Yes","remark":"User001_Yes"}}
flpro1_log,2024-04-21 19:48:16.813894,19:57:00,,0:08:44.011159,524.0,{module_import: version_001, Camp_User001: {"User_name":"User001","campaign_desc":"Desc:CampDescbyUserOne","vote":"Yes","remark":"User001_Yes"}}
flpro1_log,2024-04-21 19:48:16.813894,19:57:04,,0:08:48.104935,528.0,{module_import: version_001, Camp_User001: {"User_name":"User001","campaign_desc":"Desc:CampDescbyUserOne","vote":"Yes","remark":"User001_Yes"}, Camp_User1: {"User_name":"User001","campaign_desc":"Desc:CampDescbyUserOne","vote":"Yes","remark":"User001_Yes"}}
flpro1_log,2024-04-21 19:48:16.813894,19:57:10,,0:08:53.704626,533.0,{module_import: version_001, Camp_User001: {"User_name":"User001","campaign_desc":"Desc:CampDescbyUserOne","vote":"Yes","remark":"User001_Yes"}, Camp_User1: {"User_name":"User001","campaign_desc":"Desc:CampDescbyUserOne","vote":"Yes","remark":"User001_Yes"}}
flpro1_log,2024-04-21 19:48:16.813894,19:57:12,,0:08:55.931122,535.0,{module_import: version_001, Camp_User001: {"User_name":"User001","campaign_desc":"Desc:CampDescbyUserOne","vote":"Yes","remark":"User001_Yes"}, Camp_User1: {"User_name":"User001","campaign_desc":"Desc:CampDescbyUserOne","vote":"Yes","remark":"User001_Yes"}}
flpro1_log,2024-04-21 19:48:16.813894,19:57:13,,0:08:56.732174,536.0,{module_import: version_001, Camp_User001: {"User_name":"User001","campaign_desc":"Desc:CampDescbyUserOne","vote":"Yes","remark":"User001_Yes"}, Camp_User1: {"User_name":"User001","campaign_desc":"Desc:CampDescbyUserOne","vote":"Yes","remark":"User001_Yes"}}
flpro1_log,2024-04-21 19:48:16.813894,19:57:15,,0:08:58.624028,538.0,{module_import: version_001, Camp_User001: {"User_name":"User001","campaign_desc":"Desc:CampDescbyUserOne","vote":"Yes","remark":"User001_Yes"}, Camp_User1: {"User_name":"User001","campaign_desc":"Desc:CampDescbyUserOne","vote":"Yes","remark":"User001_Yes"}}
flpro1_log,2024-04-21 19:48:16.813894,19:57:24,,0:09:07.333598,547.0,{module_import: version_001, Camp_User001: {"User_name":"User001","campaign_desc":"Desc:CampDescbyUserOne","vote":"Yes","remark":"User001_Yes"}, Camp_User1: {"User_name":"User001","campaign_desc":"Desc:CampDescbyUserOne","vote":"Yes","remark":"User001_Yes"}}
flpro1_log,2024-04-21 19:48:16.813894,20:29:25,,0:41:08.622335,2468.0,{module_import: version_001, Camp_User001: {"User_name":"User001","campaign_desc":"Desc:CampDescbyUserOne","vote":"Yes","remark":"User001_Yes"}, Camp_User1: {"User_name":"User001","campaign_desc":"Desc:CampDescbyUserOne","vote":"Yes","remark":"User001_Yes"}}
flpro1_log,2024-04-21 19:48:16.813894,20:29:34,,0:41:17.567333,2477.0,{module_import: version_001, Camp_User001: {"User_name":"User001","campaign_desc":"Desc:CampDescbyUserOne","vote":"Yes","remark":"User001_Yes"}, Camp_User1: {"User_name":"User001","campaign_desc":"Desc:CampDescbyUserOne","vote":"Yes","remark":"User001_Yes"}}
flpro1_log,2024-04-21 19:48:16.813894,20:29:34,,0:41:18.095972,2478.0,{module_import: version_001, Camp_User001: {"User_name":"User001","campaign_desc":"Desc:CampDescbyUserOne","vote":"Yes","remark":"User001_Yes"}, Camp_User1: {"User_name":"User001","campaign_desc":"Desc:CampDescbyUserOne","vote":"Yes","remark":"User001_Yes"}}
flpro1_log,2024-04-21 19:48:16.813894,20:29:35,,0:41:18.801350,2478.0,{module_import: version_001, Camp_User001: {"User_name":"User001","campaign_desc":"Desc:CampDescbyUserOne","vote":"Yes","remark":"User001_Yes"}, Camp_User1: {"User_name":"User001","campaign_desc":"Desc:CampDescbyUserOne","vote":"Yes","remark":"User001_Yes"}}
flpro1_log,2024-04-21 19:48:16.813894,20:29:36,,0:41:19.201737,2479.0,{module_import: version_001, Camp_User001: {"User_name":"User001","campaign_desc":"Desc:CampDescbyUserOne","vote":"Yes","remark":"User001_Yes"}, Camp_User1: {"User_name":"User001","campaign_desc":"Desc:CampDescbyUserOne","vote":"Yes","remark":"User001_Yes"}}
flpro1_log,2024-04-21 19:48:16.813894,20:29:36,,0:41:19.745509,2479.0,{module_import: version_001, Camp_User001: {"User_name":"User001","campaign_desc":"Desc:CampDescbyUserOne","vote":"Yes","remark":"User001_Yes"}, Camp_User1: {"User_name":"User001","campaign_desc":"Desc:CampDescbyUserOne","vote":"Yes","remark":"User001_Yes"}}
flpro1_log,2024-04-21 19:48:16.813894,20:29:36,,0:41:20.143207,2480.0,{module_import: version_001, Camp_User001: {"User_name":"User001","campaign_desc":"Desc:CampDescbyUserOne","vote":"Yes","remark":"User001_Yes"}, Camp_User1: {"User_name":"User001","campaign_desc":"Desc:CampDescbyUserOne","vote":"Yes","remark":"User001_Yes"}}
flpro1_log,2024-04-21 19:48:16.813894,20:29:37,,0:41:20.991706,2480.0,{module_import: version_001, Camp_User001: {"User_name":"User001","campaign_desc":"Desc:CampDescbyUserOne","vote":"Yes","remark":"User001_Yes"}, Camp_User1: {"User_name":"User001","campaign_desc":"Desc:CampDescbyUserOne","vote":"Yes","remark":"User001_Yes"}, Camp_User3: {"User_name":"UserDrag3","campaign_desc":"Desc:CampDescbyDrag3","vote":"No","remark":"User_Voted:No"}}
flpro1_log,2024-04-21 19:48:16.813894,20:29:39,,0:41:22.546781,2482.0,{module_import: version_001, Camp_User001: {"User_name":"User001","campaign_desc":"Desc:CampDescbyUserOne","vote":"Yes","remark":"User001_Yes"}, Camp_User1: {"User_name":"User001","campaign_desc":"Desc:CampDescbyUserOne","vote":"Yes","remark":"User001_Yes"}, Camp_User3: {"User_name":"UserDrag3","campaign_desc":"Desc:CampDescbyDrag3","vote":"No","remark":"User_Voted:No"}}
flpro1_log,2024-04-21 19:48:16.813894,20:29:40,,0:41:23.895285,2483.0,{module_import: version_001, Camp_User001: {"User_name":"User001","campaign_desc":"Desc:CampDescbyUserOne","vote":"Yes","remark":"User001_Yes"}, Camp_User1: {"User_name":"User001","campaign_desc":"Desc:CampDescbyUserOne","vote":"Yes","remark":"User001_Yes"}, Camp_User3: {"User_name":"UserDrag3","campaign_desc":"Desc:CampDescbyDrag3","vote":"No","remark":"User_Voted:No"}}
flpro1_log,2024-04-21 19:48:16.813894,20:29:41,,0:41:24.493604,2484.0,{module_import: version_001, Camp_User001: {"User_name":"User001","campaign_desc":"Desc:CampDescbyUserOne","vote":"Yes","remark":"User001_Yes"}, Camp_User1: {"User_name":"User001","campaign_desc":"Desc:CampDescbyUserOne","vote":"Yes","remark":"User001_Yes"}, Camp_User3: {"User_name":"UserDrag3","campaign_desc":"Desc:CampDescbyDrag3","vote":"No","remark":"User_Voted:No"}}
flpro1_log,2024-04-21 19:48:16.813894,20:29:41,,0:41:25.028357,2485.0,{module_import: version_001, Camp_User001: {"User_name":"User001","campaign_desc":"Desc:CampDescbyUserOne","vote":"Yes","remark":"User001_Yes"}, Camp_User1: {"User_name":"User001","campaign_desc":"Desc:CampDescbyUserOne","vote":"Yes","remark":"User001_Yes"}, Camp_User3: {"User_name":"UserDrag3","campaign_desc":"Desc:CampDescbyDrag3","vote":"No","remark":"User_Voted:No"}}
flpro1_log,2024-04-21 19:48:16.813894,20:29:42,,0:41:25.510404,2485.0,{module_import: version_001, Camp_User001: {"User_name":"User001","campaign_desc":"Desc:CampDescbyUserOne","vote":"Yes","remark":"User001_Yes"}, Camp_User1: {"User_name":"User001","campaign_desc":"Desc:CampDescbyUserOne","vote":"Yes","remark":"User001_Yes"}, Camp_User3: {"User_name":"UserDrag3","campaign_desc":"Desc:CampDescbyDrag3","vote":"No","remark":"User_Voted:No"}}
flpro1_log,2024-04-21 19:48:16.813894,20:29:49,,0:41:32.814639,2492.0,{module_import: version_001, Camp_User001: {"User_name":"User001","campaign_desc":"Desc:CampDescbyUserOne","vote":"Yes","remark":"User001_Yes"}, Camp_User1: {"User_name":"User001","campaign_desc":"Desc:CampDescbyUserOne","vote":"Yes","remark":"User001_Yes"}, Camp_User3: {"User_name":"UserDrag3","campaign_desc":"Desc:CampDescbyDrag3","vote":"No","remark":"User_Voted:No"}, Camp_User2: {"User_name":"UserDrag2","campaign_desc":"Desc:CampDescbyDrag2","vote":"Yes","remark":"User_Voted:Yes"}}
flpro1_log,2024-04-21 19:48:16.813894,20:29:50,,0:41:34.013130,2494.0,{module_import: version_001, Camp_User001: {"User_name":"User001","campaign_desc":"Desc:CampDescbyUserOne","vote":"Yes","remark":"User001_Yes"}, Camp_User1: {"User_name":"User001","campaign_desc":"Desc:CampDescbyUserOne","vote":"Yes","remark":"User001_Yes"}, Camp_User3: {"User_name":"UserDrag3","campaign_desc":"Desc:CampDescbyDrag3","vote":"No","remark":"User_Voted:No"}, Camp_User2: {"User_name":"UserDrag2","campaign_desc":"Desc:CampDescbyDrag2","vote":"Yes","remark":"User_Voted:Yes"}}
flpro1_log,2024-04-21 19:48:16.813894,20:29:53,,0:41:37.146014,2497.0,{module_import: version_001, Camp_User001: {"User_name":"User001","campaign_desc":"Desc:CampDescbyUserOne","vote":"Yes","remark":"User001_Yes"}, Camp_User1: {"User_name":"User001","campaign_desc":"Desc:CampDescbyUserOne","vote":"Yes","remark":"User001_Yes"}, Camp_User3: {"User_name":"UserDrag3","campaign_desc":"Desc:CampDescbyDrag3","vote":"No","remark":"User_Voted:No"}, Camp_User2: {"User_name":"UserDrag2","campaign_desc":"Desc:CampDescbyDrag2","vote":"Yes","remark":"User_Voted:Yes"}}
flpro1_log,2024-04-21 19:48:16.813894,20:29:54,,0:41:37.576781,2497.0,{module_import: version_001, Camp_User001: {"User_name":"User001","campaign_desc":"Desc:CampDescbyUserOne","vote":"Yes","remark":"User001_Yes"}, Camp_User1: {"User_name":"User001","campaign_desc":"Desc:CampDescbyUserOne","vote":"Yes","remark":"User001_Yes"}, Camp_User3: {"User_name":"UserDrag3","campaign_desc":"Desc:CampDescbyDrag3","vote":"No","remark":"User_Voted:No"}, Camp_User2: {"User_name":"UserDrag2","campaign_desc":"Desc:CampDescbyDrag2","vote":"Yes","remark":"User_Voted:Yes"}}
flpro1_log,2024-04-21 19:48:16.813894,20:29:55,,0:41:38.230545,2498.0,{module_import: version_001, Camp_User001: {"User_name":"User001","campaign_desc":"Desc:CampDescbyUserOne","vote":"Yes","remark":"User001_Yes"}, Camp_User1: {"User_name":"User001","campaign_desc":"Desc:CampDescbyUserOne","vote":"Yes","remark":"User001_Yes"}, Camp_User3: {"User_name":"UserDrag3","campaign_desc":"Desc:CampDescbyDrag3","vote":"No","remark":"User_Voted:No"}, Camp_User2: {"User_name":"UserDrag2","campaign_desc":"Desc:CampDescbyDrag2","vote":"Yes","remark":"User_Voted:Yes"}}
flpro1_log,2024-04-21 19:48:16.813894,20:29:55,,0:41:38.769555,2498.0,{module_import: version_001, Camp_User001: {"User_name":"User001","campaign_desc":"Desc:CampDescbyUserOne","vote":"Yes","remark":"User001_Yes"}, Camp_User1: {"User_name":"User001","campaign_desc":"Desc:CampDescbyUserOne","vote":"Yes","remark":"User001_Yes"}, Camp_User3: {"User_name":"UserDrag3","campaign_desc":"Desc:CampDescbyDrag3","vote":"No","remark":"User_Voted:No"}, Camp_User2: {"User_name":"UserDrag2","campaign_desc":"Desc:CampDescbyDrag2","vote":"Yes","remark":"User_Voted:Yes"}}
flpro1_log,2024-04-21 19:48:16.813894,20:30:01,,0:41:44.683219,2504.0,{module_import: version_001, Camp_User001: {"User_name":"User001","campaign_desc":"Desc:CampDescbyUserOne","vote":"Yes","remark":"User001_Yes"}, Camp_User1: {"User_name":"User001","campaign_desc":"Desc:CampDescbyUserOne","vote":"Yes","remark":"User001_Yes"}, Camp_User3: {"User_name":"UserDrag3","campaign_desc":"Desc:CampDescbyDrag3","vote":"No","remark":"User_Voted:No"}, Camp_User2: {"User_name":"UserDrag2","campaign_desc":"Desc:CampDescbyDrag2","vote":"Yes","remark":"User_Voted:Yes"}}
flpro1_log,2024-04-21 19:48:16.813894,20:30:03,,0:41:46.426732,2506.0,{module_import: version_001, Camp_User001: {"User_name":"User001","campaign_desc":"Desc:CampDescbyUserOne","vote":"Yes","remark":"User001_Yes"}, Camp_User1: {"User_name":"User001","campaign_desc":"Desc:CampDescbyUserOne","vote":"Yes","remark":"User001_Yes"}, Camp_User3: {"User_name":"UserDrag3","campaign_desc":"Desc:CampDescbyDrag3","vote":"No","remark":"User_Voted:No"}, Camp_User2: {"User_name":"UserDrag2","campaign_desc":"Desc:CampDescbyDrag2","vote":"Yes","remark":"User_Voted:Yes"}}
flpro1_log,2024-04-21 19:48:16.813894,20:30:07,,0:41:50.967668,2510.0,{module_import: version_001, Camp_User001: {"User_name":"User001","campaign_desc":"Desc:CampDescbyUserOne","vote":"Yes","remark":"User001_Yes"}, Camp_User1: {"User_name":"User001","campaign_desc":"Desc:CampDescbyUserOne","vote":"Yes","remark":"User001_Yes"}, Camp_User3: {"User_name":"UserDrag3","campaign_desc":"Desc:CampDescbyDrag3","vote":"No","remark":"User_Voted:No"}, Camp_User2: {"User_name":"UserDrag2","campaign_desc":"Desc:CampDescbyDrag2","vote":"Yes","remark":"User_Voted:Yes"}}
flpro1_log,2024-04-21 19:48:16.813894,20:30:08,,0:41:51.291427,2511.0,{module_import: version_001, Camp_User001: {"User_name":"User001","campaign_desc":"Desc:CampDescbyUserOne","vote":"Yes","remark":"User001_Yes"}, Camp_User1: {"User_name":"User001","campaign_desc":"Desc:CampDescbyUserOne","vote":"Yes","remark":"User001_Yes"}, Camp_User3: {"User_name":"UserDrag3","campaign_desc":"Desc:CampDescbyDrag3","vote":"No","remark":"User_Voted:No"}, Camp_User2: {"User_name":"UserDrag2","campaign_desc":"Desc:CampDescbyDrag2","vote":"Yes","remark":"User_Voted:Yes"}}
flpro1_log,2024-04-21 19:48:16.813894,20:30:10,,0:41:53.594907,2513.0,{module_import: version_001, Camp_User001: {"User_name":"User001","campaign_desc":"Desc:CampDescbyUserOne","vote":"Yes","remark":"User001_Yes"}, Camp_User1: {"User_name":"User001","campaign_desc":"Desc:CampDescbyUserOne","vote":"Yes","remark":"User001_Yes"}, Camp_User3: {"User_name":"UserDrag3","campaign_desc":"Desc:CampDescbyDrag3","vote":"No","remark":"User_Voted:No"}, Camp_User2: {"User_name":"UserDrag2","campaign_desc":"Desc:CampDescbyDrag2","vote":"Yes","remark":"User_Voted:Yes"}}
flpro1_log,2024-04-21 19:48:16.813894,20:30:10,,0:41:54.112803,2514.0,{module_import: version_001, Camp_User001: {"User_name":"User001","campaign_desc":"Desc:CampDescbyUserOne","vote":"Yes","remark":"User001_Yes"}, Camp_User1: {"User_name":"User001","campaign_desc":"Desc:CampDescbyUserOne","vote":"Yes","remark":"User001_Yes"}, Camp_User3: {"User_name":"UserDrag3","campaign_desc":"Desc:CampDescbyDrag3","vote":"No","remark":"User_Voted:No"}, Camp_User2: {"User_name":"UserDrag2","campaign_desc":"Desc:CampDescbyDrag2","vote":"Yes","remark":"User_Voted:Yes"}}
flpro1_log,2024-04-21 19:48:16.813894,20:30:11,,0:41:54.960215,2514.0,{module_import: version_001, Camp_User001: {"User_name":"User001","campaign_desc":"Desc:CampDescbyUserOne","vote":"Yes","remark":"User001_Yes"}, Camp_User1: {"User_name":"User001","campaign_desc":"Desc:CampDescbyUserOne","vote":"Yes","remark":"User001_Yes"}, Camp_User3: {"User_name":"UserDrag3","campaign_desc":"Desc:CampDescbyDrag3","vote":"No","remark":"User_Voted:No"}, Camp_User2: {"User_name":"UserDrag2","campaign_desc":"Desc:CampDescbyDrag2","vote":"Yes","remark":"User_Voted:Yes"}}
flpro1_log,2024-04-21 19:48:16.813894,20:30:12,,0:41:55.476323,2515.0,{module_import: version_001, Camp_User001: {"User_name":"User001","campaign_desc":"Desc:CampDescbyUserOne","vote":"Yes","remark":"User001_Yes"}, Camp_User1: {"User_name":"User001","campaign_desc":"Desc:CampDescbyUserOne","vote":"Yes","remark":"User001_Yes"}, Camp_User3: {"User_name":"UserDrag3","campaign_desc":"Desc:CampDescbyDrag3","vote":"No","remark":"User_Voted:No"}, Camp_User2: {"User_name":"UserDrag2","campaign_desc":"Desc:CampDescbyDrag2","vote":"Yes","remark":"User_Voted:Yes"}}
flpro1_log,2024-04-21 19:48:16.813894,20:30:13,,0:41:56.283591,2516.0,{module_import: version_001, Camp_User001: {"User_name":"User001","campaign_desc":"Desc:CampDescbyUserOne","vote":"Yes","remark":"User001_Yes"}, Camp_User1: {"User_name":"User001","campaign_desc":"Desc:CampDescbyUserOne","vote":"Yes","remark":"User001_Yes"}, Camp_User3: {"User_name":"UserDrag3","campaign_desc":"Desc:CampDescbyDrag3","vote":"No","remark":"User_Voted:No"}, Camp_User2: {"User_name":"UserDrag2","campaign_desc":"Desc:CampDescbyDrag2","vote":"Yes","remark":"User_Voted:Yes"}}
flpro1_log,2024-04-21 19:48:16.813894,20:30:13,,0:41:56.927176,2516.0,{module_import: version_001, Camp_User001: {"User_name":"User001","campaign_desc":"Desc:CampDescbyUserOne","vote":"Yes","remark":"User001_Yes"}, Camp_User1: {"User_name":"User001","campaign_desc":"Desc:CampDescbyUserOne","vote":"Yes","remark":"User001_Yes"}, Camp_User3: {"User_name":"UserDrag3","campaign_desc":"Desc:CampDescbyDrag3","vote":"No","remark":"User_Voted:No"}, Camp_User2: {"User_name":"UserDrag2","campaign_desc":"Desc:CampDescbyDrag2","vote":"Yes","remark":"User_Voted:Yes"}}
flpro1_log,2024-04-21 19:48:16.813894,20:30:42,,0:42:25.527805,2545.0,{module_import: version_001, Camp_User001: {"User_name":"User001","campaign_desc":"Desc:CampDescbyUserOne","vote":"Yes","remark":"User001_Yes"}, Camp_User1: {"User_name":"User001","campaign_desc":"Desc:CampDescbyUserOne","vote":"Yes","remark":"User001_Yes"}, Camp_User3: {"User_name":"UserDrag3","campaign_desc":"Desc:CampDescbyDrag3","vote":"No","remark":"User_Voted:No"}, Camp_User2: {"User_name":"UserDrag2","campaign_desc":"Desc:CampDescbyDrag2","vote":"Yes","remark":"User_Voted:Yes"}}
flpro1_log,2024-04-21 19:48:16.813894,20:30:43,,0:42:26.194683,2546.0,{module_import: version_001, Camp_User001: {"User_name":"User001","campaign_desc":"Desc:CampDescbyUserOne","vote":"Yes","remark":"User001_Yes"}, Camp_User1: {"User_name":"User001","campaign_desc":"Desc:CampDescbyUserOne","vote":"Yes","remark":"User001_Yes"}, Camp_User3: {"User_name":"UserDrag3","campaign_desc":"Desc:CampDescbyDrag3","vote":"No","remark":"User_Voted:No"}, Camp_User2: {"User_name":"UserDrag2","campaign_desc":"Desc:CampDescbyDrag2","vote":"Yes","remark":"User_Voted:Yes"}}
flpro1_log,2024-04-21 19:48:16.813894,20:30:44,,0:42:27.811590,2547.0,{module_import: version_001, Camp_User001: {"User_name":"User001","campaign_desc":"Desc:CampDescbyUserOne","vote":"Yes","remark":"User001_Yes"}, Camp_User1: {"User_name":"User001","campaign_desc":"Desc:CampDescbyUserOne","vote":"Yes","remark":"User001_Yes"}, Camp_User3: {"User_name":"UserDrag3","campaign_desc":"Desc:CampDescbyDrag3","vote":"No","remark":"User_Voted:No"}, Camp_User2: {"User_name":"UserDrag2","campaign_desc":"Desc:CampDescbyDrag2","vote":"Yes","remark":"User_Voted:Yes"}}
flpro1_log,2024-04-21 19:48:16.813894,20:30:45,,0:42:28.376900,2548.0,{module_import: version_001, Camp_User001: {"User_name":"User001","campaign_desc":"Desc:CampDescbyUserOne","vote":"Yes","remark":"User001_Yes"}, Camp_User1: {"User_name":"User001","campaign_desc":"Desc:CampDescbyUserOne","vote":"Yes","remark":"User001_Yes"}, Camp_User3: {"User_name":"UserDrag3","campaign_desc":"Desc:CampDescbyDrag3","vote":"No","remark":"User_Voted:No"}, Camp_User2: {"User_name":"UserDrag2","campaign_desc":"Desc:CampDescbyDrag2","vote":"Yes","remark":"User_Voted:Yes"}}
flpro1_log,2024-04-21 19:48:16.813894,20:30:46,,0:42:29.261249,2549.0,{module_import: version_001, Camp_User001: {"User_name":"User001","campaign_desc":"Desc:CampDescbyUserOne","vote":"Yes","remark":"User001_Yes"}, Camp_User1: {"User_name":"User001","campaign_desc":"Desc:CampDescbyUserOne","vote":"Yes","remark":"User001_Yes"}, Camp_User3: {"User_name":"UserDrag3","campaign_desc":"Desc:CampDescbyDrag3","vote":"No","remark":"User_Voted:No"}, Camp_User2: {"User_name":"UserDrag2","campaign_desc":"Desc:CampDescbyDrag2","vote":"Yes","remark":"User_Voted:Yes"}}
flpro1_log,2024-04-21 19:48:16.813894,20:30:46,,0:42:30.013129,2550.0,{module_import: version_001, Camp_User001: {"User_name":"User001","campaign_desc":"Desc:CampDescbyUserOne","vote":"Yes","remark":"User001_Yes"}, Camp_User1: {"User_name":"User001","campaign_desc":"Desc:CampDescbyUserOne","vote":"Yes","remark":"User001_Yes"}, Camp_User3: {"User_name":"UserDrag3","campaign_desc":"Desc:CampDescbyDrag3","vote":"No","remark":"User_Voted:No"}, Camp_User2: {"User_name":"UserDrag2","campaign_desc":"Desc:CampDescbyDrag2","vote":"Yes","remark":"User_Voted:Yes"}}
flpro1_log,2024-04-21 19:48:16.813894,20:31:27,,0:43:10.411698,2590.0,{module_import: version_001, Camp_User001: {"User_name":"User001","campaign_desc":"Desc:CampDescbyUserOne","vote":"Yes","remark":"User001_Yes"}, Camp_User1: {"User_name":"User001","campaign_desc":"Desc:CampDescbyUserOne","vote":"Yes","remark":"User001_Yes"}, Camp_User3: {"User_name":"UserDrag3","campaign_desc":"Desc:CampDescbyDrag3","vote":"No","remark":"User_Voted:No"}, Camp_User2: {"User_name":"UserDrag2","campaign_desc":"Desc:CampDescbyDrag2","vote":"Yes","remark":"User_Voted:Yes"}}
flpro1_log,2024-04-21 19:48:16.813894,20:31:27,,0:43:10.993139,2590.0,{module_import: version_001, Camp_User001: {"User_name":"User001","campaign_desc":"Desc:CampDescbyUserOne","vote":"Yes","remark":"User001_Yes"}, Camp_User1: {"User_name":"User001","campaign_desc":"Desc:CampDescbyUserOne","vote":"Yes","remark":"User001_Yes"}, Camp_User3: {"User_name":"UserDrag3","campaign_desc":"Desc:CampDescbyDrag3","vote":"No","remark":"User_Voted:No"}, Camp_User2: {"User_name":"UserDrag2","campaign_desc":"Desc:CampDescbyDrag2","vote":"Yes","remark":"User_Voted:Yes"}}
flpro1_log,2024-04-21 19:48:16.813894,20:31:28,,0:43:11.753858,2591.0,{module_import: version_001, Camp_User001: {"User_name":"User001","campaign_desc":"Desc:CampDescbyUserOne","vote":"Yes","remark":"User001_Yes"}, Camp_User1: {"User_name":"User001","campaign_desc":"Desc:CampDescbyUserOne","vote":"Yes","remark":"User001_Yes"}, Camp_User3: {"User_name":"UserDrag3","campaign_desc":"Desc:CampDescbyDrag3","vote":"No","remark":"User_Voted:No"}, Camp_User2: {"User_name":"UserDrag2","campaign_desc":"Desc:CampDescbyDrag2","vote":"Yes","remark":"User_Voted:Yes"}}
flpro1_log,2024-04-21 19:48:16.813894,20:31:29,,0:43:12.377107,2592.0,{module_import: version_001, Camp_User001: {"User_name":"User001","campaign_desc":"Desc:CampDescbyUserOne","vote":"Yes","remark":"User001_Yes"}, Camp_User1: {"User_name":"User001","campaign_desc":"Desc:CampDescbyUserOne","vote":"Yes","remark":"User001_Yes"}, Camp_User3: {"User_name":"UserDrag3","campaign_desc":"Desc:CampDescbyDrag3","vote":"No","remark":"User_Voted:No"}, Camp_User2: {"User_name":"UserDrag2","campaign_desc":"Desc:CampDescbyDrag2","vote":"Yes","remark":"User_Voted:Yes"}}
flpro1_log,2024-04-21 19:48:16.813894,20:31:29,,0:43:12.928312,2592.0,{module_import: version_001, Camp_User001: {"User_name":"User001","campaign_desc":"Desc:CampDescbyUserOne","vote":"Yes","remark":"User001_Yes"}, Camp_User1: {"User_name":"User001","campaign_desc":"Desc:CampDescbyUserOne","vote":"Yes","remark":"User001_Yes"}, Camp_User3: {"User_name":"UserDrag3","campaign_desc":"Desc:CampDescbyDrag3","vote":"No","remark":"User_Voted:No"}, Camp_User2: {"User_name":"UserDrag2","campaign_desc":"Desc:CampDescbyDrag2","vote":"Yes","remark":"User_Voted:Yes"}}
flpro1_log,2024-04-21 19:48:16.813894,20:31:30,,0:43:13.509915,2593.0,{module_import: version_001, Camp_User001: {"User_name":"User001","campaign_desc":"Desc:CampDescbyUserOne","vote":"Yes","remark":"User001_Yes"}, Camp_User1: {"User_name":"User001","campaign_desc":"Desc:CampDescbyUserOne","vote":"Yes","remark":"User001_Yes"}, Camp_User3: {"User_name":"UserDrag3","campaign_desc":"Desc:CampDescbyDrag3","vote":"No","remark":"User_Voted:No"}, Camp_User2: {"User_name":"UserDrag2","campaign_desc":"Desc:CampDescbyDrag2","vote":"Yes","remark":"User_Voted:Yes"}}
flpro1_log,2024-04-21 19:48:16.813894,20:31:34,,0:43:17.703128,2597.0,{module_import: version_001, Camp_User001: {"User_name":"User001","campaign_desc":"Desc:CampDescbyUserOne","vote":"Yes","remark":"User001_Yes"}, Camp_User1: {"User_name":"User001","campaign_desc":"Desc:CampDescbyUserOne","vote":"Yes","remark":"User001_Yes"}, Camp_User3: {"User_name":"UserDrag3","campaign_desc":"Desc:CampDescbyDrag3","vote":"No","remark":"User_Voted:No"}, Camp_User2: {"User_name":"UserDrag2","campaign_desc":"Desc:CampDescbyDrag2","vote":"Yes","remark":"User_Voted:Yes"}}
flpro1_log,2024-04-21 19:48:16.813894,20:31:39,,0:43:22.561852,2602.0,{module_import: version_001, Camp_User001: {"User_name":"User001","campaign_desc":"Desc:CampDescbyUserOne","vote":"Yes","remark":"User001_Yes"}, Camp_User1: {"User_name":"User001","campaign_desc":"Desc:CampDescbyUserOne","vote":"Yes","remark":"User001_Yes"}, Camp_User3: {"User_name":"UserDrag3","campaign_desc":"Desc:CampDescbyDrag3","vote":"No","remark":"User_Voted:No"}, Camp_User2: {"User_name":"UserDrag2","campaign_desc":"Desc:CampDescbyDrag2","vote":"Yes","remark":"User_Voted:Yes"}}
flpro1_log,2024-04-21 19:48:16.813894,20:31:42,,0:43:25.294979,2605.0,{module_import: version_001, Camp_User001: {"User_name":"User001","campaign_desc":"Desc:CampDescbyUserOne","vote":"Yes","remark":"User001_Yes"}, Camp_User1: {"User_name":"User001","campaign_desc":"Desc:CampDescbyUserOne","vote":"Yes","remark":"User001_Yes"}, Camp_User3: {"User_name":"UserDrag3","campaign_desc":"Desc:CampDescbyDrag3","vote":"No","remark":"User_Voted:No"}, Camp_User2: {"User_name":"UserDrag2","campaign_desc":"Desc:CampDescbyDrag2","vote":"Yes","remark":"User_Voted:Yes"}}
flpro1_log,2024-04-21 19:48:16.813894,20:31:43,,0:43:27.135359,2607.0,{module_import: version_001, Camp_User001: {"User_name":"User001","campaign_desc":"Desc:CampDescbyUserOne","vote":"Yes","remark":"User001_Yes"}, Camp_User1: {"User_name":"User001","campaign_desc":"Desc:CampDescbyUserOne","vote":"Yes","remark":"User001_Yes"}, Camp_User3: {"User_name":"UserDrag3","campaign_desc":"Desc:CampDescbyDrag3","vote":"No","remark":"User_Voted:No"}, Camp_User2: {"User_name":"UserDrag2","campaign_desc":"Desc:CampDescbyDrag2","vote":"Yes","remark":"User_Voted:Yes"}, Camp_User0: {"User_name":"UserDrag0","campaign_desc":"Desc:CampDescbyDrag0","vote":"No","remark":"User_Voted:No"}}
flpro1_log,2024-04-21 19:48:16.813894,20:31:45,,0:43:28.659046,2608.0,{module_import: version_001, Camp_User001: {"User_name":"User001","campaign_desc":"Desc:CampDescbyUserOne","vote":"Yes","remark":"User001_Yes"}, Camp_User1: {"User_name":"User001","campaign_desc":"Desc:CampDescbyUserOne","vote":"Yes","remark":"User001_Yes"}, Camp_User3: {"User_name":"UserDrag3","campaign_desc":"Desc:CampDescbyDrag3","vote":"No","remark":"User_Voted:No"}, Camp_User2: {"User_name":"UserDrag2","campaign_desc":"Desc:CampDescbyDrag2","vote":"Yes","remark":"User_Voted:Yes"}, Camp_User0: {"User_name":"UserDrag0","campaign_desc":"Desc:CampDescbyDrag0","vote":"No","remark":"User_Voted:No"}}
flpro1_log,2024-04-21 19:48:16.813894,20:31:47,,0:43:30.610574,2610.0,{module_import: version_001, Camp_User001: {"User_name":"User001","campaign_desc":"Desc:CampDescbyUserOne","vote":"Yes","remark":"User001_Yes"}, Camp_User1: {"User_name":"User001","campaign_desc":"Desc:CampDescbyUserOne","vote":"Yes","remark":"User001_Yes"}, Camp_User3: {"User_name":"UserDrag3","campaign_desc":"Desc:CampDescbyDrag3","vote":"No","remark":"User_Voted:No"}, Camp_User2: {"User_name":"UserDrag2","campaign_desc":"Desc:CampDescbyDrag2","vote":"Yes","remark":"User_Voted:Yes"}, Camp_User0: {"User_name":"UserDrag0","campaign_desc":"Desc:CampDescbyDrag0","vote":"No","remark":"User_Voted:No"}}
flpro1_log,2024-04-21 19:48:16.813894,20:31:48,,0:43:31.562387,2611.0,{module_import: version_001, Camp_User001: {"User_name":"User001","campaign_desc":"Desc:CampDescbyUserOne","vote":"Yes","remark":"User001_Yes"}, Camp_User1: {"User_name":"User001","campaign_desc":"Desc:CampDescbyUserOne","vote":"Yes","remark":"User001_Yes"}, Camp_User3: {"User_name":"UserDrag3","campaign_desc":"Desc:CampDescbyDrag3","vote":"No","remark":"User_Voted:No"}, Camp_User2: {"User_name":"UserDrag2","campaign_desc":"Desc:CampDescbyDrag2","vote":"Yes","remark":"User_Voted:Yes"}, Camp_User0: {"User_name":"UserDrag0","campaign_desc":"Desc:CampDescbyDrag0","vote":"No","remark":"User_Voted:No"}}
flpro1_log,2024-04-21 19:48:16.813894,20:31:48,,0:43:32.128568,2612.0,{module_import: version_001, Camp_User001: {"User_name":"User001","campaign_desc":"Desc:CampDescbyUserOne","vote":"Yes","remark":"User001_Yes"}, Camp_User1: {"User_name":"User001","campaign_desc":"Desc:CampDescbyUserOne","vote":"Yes","remark":"User001_Yes"}, Camp_User3: {"User_name":"UserDrag3","campaign_desc":"Desc:CampDescbyDrag3","vote":"No","remark":"User_Voted:No"}, Camp_User2: {"User_name":"UserDrag2","campaign_desc":"Desc:CampDescbyDrag2","vote":"Yes","remark":"User_Voted:Yes"}, Camp_User0: {"User_name":"UserDrag0","campaign_desc":"Desc:CampDescbyDrag0","vote":"No","remark":"User_Voted:No"}}
flpro1_log,2024-04-21 19:48:16.813894,20:31:49,,0:43:32.611710,2612.0,{module_import: version_001, Camp_User001: {"User_name":"User001","campaign_desc":"Desc:CampDescbyUserOne","vote":"Yes","remark":"User001_Yes"}, Camp_User1: {"User_name":"User001","campaign_desc":"Desc:CampDescbyUserOne","vote":"Yes","remark":"User001_Yes"}, Camp_User3: {"User_name":"UserDrag3","campaign_desc":"Desc:CampDescbyDrag3","vote":"No","remark":"User_Voted:No"}, Camp_User2: {"User_name":"UserDrag2","campaign_desc":"Desc:CampDescbyDrag2","vote":"Yes","remark":"User_Voted:Yes"}, Camp_User0: {"User_name":"UserDrag0","campaign_desc":"Desc:CampDescbyDrag0","vote":"No","remark":"User_Voted:No"}}
flpro1_log,2024-04-21 19:48:16.813894,20:31:49,,0:43:33.011217,2613.0,{module_import: version_001, Camp_User001: {"User_name":"User001","campaign_desc":"Desc:CampDescbyUserOne","vote":"Yes","remark":"User001_Yes"}, Camp_User1: {"User_name":"User001","campaign_desc":"Desc:CampDescbyUserOne","vote":"Yes","remark":"User001_Yes"}, Camp_User3: {"User_name":"UserDrag3","campaign_desc":"Desc:CampDescbyDrag3","vote":"No","remark":"User_Voted:No"}, Camp_User2: {"User_name":"UserDrag2","campaign_desc":"Desc:CampDescbyDrag2","vote":"Yes","remark":"User_Voted:Yes"}, Camp_User0: {"User_name":"UserDrag0","campaign_desc":"Desc:CampDescbyDrag0","vote":"No","remark":"User_Voted:No"}}
flpro1_log,2024-04-21 19:48:16.813894,20:31:50,,0:43:33.210395,2613.0,{module_import: version_001, Camp_User001: {"User_name":"User001","campaign_desc":"Desc:CampDescbyUserOne","vote":"Yes","remark":"User001_Yes"}, Camp_User1: {"User_name":"User001","campaign_desc":"Desc:CampDescbyUserOne","vote":"Yes","remark":"User001_Yes"}, Camp_User3: {"User_name":"UserDrag3","campaign_desc":"Desc:CampDescbyDrag3","vote":"No","remark":"User_Voted:No"}, Camp_User2: {"User_name":"UserDrag2","campaign_desc":"Desc:CampDescbyDrag2","vote":"Yes","remark":"User_Voted:Yes"}, Camp_User0: {"User_name":"UserDrag0","campaign_desc":"Desc:CampDescbyDrag0","vote":"No","remark":"User_Voted:No"}}
flpro1_log,2024-04-21 19:48:16.813894,20:31:50,,0:43:33.393390,2613.0,{module_import: version_001, Camp_User001: {"User_name":"User001","campaign_desc":"Desc:CampDescbyUserOne","vote":"Yes","remark":"User001_Yes"}, Camp_User1: {"User_name":"User001","campaign_desc":"Desc:CampDescbyUserOne","vote":"Yes","remark":"User001_Yes"}, Camp_User3: {"User_name":"UserDrag3","campaign_desc":"Desc:CampDescbyDrag3","vote":"No","remark":"User_Voted:No"}, Camp_User2: {"User_name":"UserDrag2","campaign_desc":"Desc:CampDescbyDrag2","vote":"Yes","remark":"User_Voted:Yes"}, Camp_User0: {"User_name":"UserDrag0","campaign_desc":"Desc:CampDescbyDrag0","vote":"No","remark":"User_Voted:No"}}
flpro1_log,2024-04-21 19:48:16.813894,20:31:50,,0:43:33.560436,2613.0,{module_import: version_001, Camp_User001: {"User_name":"User001","campaign_desc":"Desc:CampDescbyUserOne","vote":"Yes","remark":"User001_Yes"}, Camp_User1: {"User_name":"User001","campaign_desc":"Desc:CampDescbyUserOne","vote":"Yes","remark":"User001_Yes"}, Camp_User3: {"User_name":"UserDrag3","campaign_desc":"Desc:CampDescbyDrag3","vote":"No","remark":"User_Voted:No"}, Camp_User2: {"User_name":"UserDrag2","campaign_desc":"Desc:CampDescbyDrag2","vote":"Yes","remark":"User_Voted:Yes"}, Camp_User0: {"User_name":"UserDrag0","campaign_desc":"Desc:CampDescbyDrag0","vote":"No","remark":"User_Voted:No"}}
flpro1_log,2024-04-21 19:48:16.813894,20:32:34,,0:44:17.543470,2657.0,{module_import: version_001, Camp_User001: {"User_name":"User001","campaign_desc":"Desc:CampDescbyUserOne","vote":"Yes","remark":"User001_Yes"}, Camp_User1: {"User_name":"User001","campaign_desc":"Desc:CampDescbyUserOne","vote":"Yes","remark":"User001_Yes"}, Camp_User3: {"User_name":"UserDrag3","campaign_desc":"Desc:CampDescbyDrag3","vote":"No","remark":"User_Voted:No"}, Camp_User2: {"User_name":"UserDrag2","campaign_desc":"Desc:CampDescbyDrag2","vote":"Yes","remark":"User_Voted:Yes"}, Camp_User0: {"User_name":"UserDrag0","campaign_desc":"Desc:CampDescbyDrag0","vote":"No","remark":"User_Voted:No"}}
flpro1_log,2024-04-21 19:48:16.813894,20:32:34,,0:44:18.077399,2658.0,{module_import: version_001, Camp_User001: {"User_name":"User001","campaign_desc":"Desc:CampDescbyUserOne","vote":"Yes","remark":"User001_Yes"}, Camp_User1: {"User_name":"User001","campaign_desc":"Desc:CampDescbyUserOne","vote":"Yes","remark":"User001_Yes"}, Camp_User3: {"User_name":"UserDrag3","campaign_desc":"Desc:CampDescbyDrag3","vote":"No","remark":"User_Voted:No"}, Camp_User2: {"User_name":"UserDrag2","campaign_desc":"Desc:CampDescbyDrag2","vote":"Yes","remark":"User_Voted:Yes"}, Camp_User0: {"User_name":"UserDrag0","campaign_desc":"Desc:CampDescbyDrag0","vote":"No","remark":"User_Voted:No"}}
flpro1_log,2024-04-21 19:48:16.813894,20:32:35,,0:44:18.360783,2658.0,{module_import: version_001, Camp_User001: {"User_name":"User001","campaign_desc":"Desc:CampDescbyUserOne","vote":"Yes","remark":"User001_Yes"}, Camp_User1: {"User_name":"User001","campaign_desc":"Desc:CampDescbyUserOne","vote":"Yes","remark":"User001_Yes"}, Camp_User3: {"User_name":"UserDrag3","campaign_desc":"Desc:CampDescbyDrag3","vote":"No","remark":"User_Voted:No"}, Camp_User2: {"User_name":"UserDrag2","campaign_desc":"Desc:CampDescbyDrag2","vote":"Yes","remark":"User_Voted:Yes"}, Camp_User0: {"User_name":"UserDrag0","campaign_desc":"Desc:CampDescbyDrag0","vote":"No","remark":"User_Voted:No"}}
flpro1_log,2024-04-21 19:48:16.813894,20:32:36,,0:44:19.261587,2659.0,{module_import: version_001, Camp_User001: {"User_name":"User001","campaign_desc":"Desc:CampDescbyUserOne","vote":"Yes","remark":"User001_Yes"}, Camp_User1: {"User_name":"User001","campaign_desc":"Desc:CampDescbyUserOne","vote":"Yes","remark":"User001_Yes"}, Camp_User3: {"User_name":"UserDrag3","campaign_desc":"Desc:CampDescbyDrag3","vote":"No","remark":"User_Voted:No"}, Camp_User2: {"User_name":"UserDrag2","campaign_desc":"Desc:CampDescbyDrag2","vote":"Yes","remark":"User_Voted:Yes"}, Camp_User0: {"User_name":"UserDrag0","campaign_desc":"Desc:CampDescbyDrag0","vote":"No","remark":"User_Voted:No"}}
flpro1_log,2024-04-21 19:48:16.813894,20:32:38,,0:44:21.739243,2661.0,{module_import: version_001, Camp_User001: {"User_name":"User001","campaign_desc":"Desc:CampDescbyUserOne","vote":"Yes","remark":"User001_Yes"}, Camp_User1: {"User_name":"User001","campaign_desc":"Desc:CampDescbyUserOne","vote":"Yes","remark":"User001_Yes"}, Camp_User3: {"User_name":"UserDrag3","campaign_desc":"Desc:CampDescbyDrag3","vote":"No","remark":"User_Voted:No"}, Camp_User2: {"User_name":"UserDrag2","campaign_desc":"Desc:CampDescbyDrag2","vote":"Yes","remark":"User_Voted:Yes"}, Camp_User0: {"User_name":"UserDrag0","campaign_desc":"Desc:CampDescbyDrag0","vote":"No","remark":"User_Voted:No"}}
flpro1_log,2024-04-21 19:48:16.813894,20:32:39,,0:44:22.610950,2662.0,{module_import: version_001, Camp_User001: {"User_name":"User001","campaign_desc":"Desc:CampDescbyUserOne","vote":"Yes","remark":"User001_Yes"}, Camp_User1: {"User_name":"User001","campaign_desc":"Desc:CampDescbyUserOne","vote":"Yes","remark":"User001_Yes"}, Camp_User3: {"User_name":"UserDrag3","campaign_desc":"Desc:CampDescbyDrag3","vote":"No","remark":"User_Voted:No"}, Camp_User2: {"User_name":"UserDrag2","campaign_desc":"Desc:CampDescbyDrag2","vote":"Yes","remark":"User_Voted:Yes"}, Camp_User0: {"User_name":"UserDrag0","campaign_desc":"Desc:CampDescbyDrag0","vote":"No","remark":"User_Voted:No"}}
flpro1_log,2024-04-21 19:48:16.813894,20:32:40,,0:44:24.171970,2664.0,{module_import: version_001, Camp_User001: {"User_name":"User001","campaign_desc":"Desc:CampDescbyUserOne","vote":"Yes","remark":"User001_Yes"}, Camp_User1: {"User_name":"User001","campaign_desc":"Desc:CampDescbyUserOne","vote":"Yes","remark":"User001_Yes"}, Camp_User3: {"User_name":"UserDrag3","campaign_desc":"Desc:CampDescbyDrag3","vote":"No","remark":"User_Voted:No"}, Camp_User2: {"User_name":"UserDrag2","campaign_desc":"Desc:CampDescbyDrag2","vote":"Yes","remark":"User_Voted:Yes"}, Camp_User0: {"User_name":"UserDrag0","campaign_desc":"Desc:CampDescbyDrag0","vote":"No","remark":"User_Voted:No"}}
flpro1_log,2024-04-21 19:48:16.813894,20:32:42,,0:44:25.654436,2665.0,{module_import: version_001, Camp_User001: {"User_name":"User001","campaign_desc":"Desc:CampDescbyUserOne","vote":"Yes","remark":"User001_Yes"}, Camp_User1: {"User_name":"User001","campaign_desc":"Desc:CampDescbyUserOne","vote":"Yes","remark":"User001_Yes"}, Camp_User3: {"User_name":"UserDrag3","campaign_desc":"Desc:CampDescbyDrag3","vote":"No","remark":"User_Voted:No"}, Camp_User2: {"User_name":"UserDrag2","campaign_desc":"Desc:CampDescbyDrag2","vote":"Yes","remark":"User_Voted:Yes"}, Camp_User0: {"User_name":"UserDrag0","campaign_desc":"Desc:CampDescbyDrag0","vote":"No","remark":"User_Voted:No"}}
flpro1_log,2024-04-21 19:48:16.813894,20:32:43,,0:44:26.918270,2666.0,{module_import: version_001, Camp_User001: {"User_name":"User001","campaign_desc":"Desc:CampDescbyUserOne","vote":"Yes","remark":"User001_Yes"}, Camp_User1: {"User_name":"User001","campaign_desc":"Desc:CampDescbyUserOne","vote":"Yes","remark":"User001_Yes"}, Camp_User3: {"User_name":"UserDrag3","campaign_desc":"Desc:CampDescbyDrag3","vote":"No","remark":"User_Voted:No"}, Camp_User2: {"User_name":"UserDrag2","campaign_desc":"Desc:CampDescbyDrag2","vote":"Yes","remark":"User_Voted:Yes"}, Camp_User0: {"User_name":"UserDrag0","campaign_desc":"Desc:CampDescbyDrag0","vote":"No","remark":"User_Voted:No"}}
flpro1_log,2024-04-21 19:48:16.813894,20:32:45,,0:44:28.540337,2668.0,{module_import: version_001, Camp_User001: {"User_name":"User001","campaign_desc":"Desc:CampDescbyUserOne","vote":"Yes","remark":"User001_Yes"}, Camp_User1: {"User_name":"User001","campaign_desc":"Desc:CampDescbyUserOne","vote":"Yes","remark":"User001_Yes"}, Camp_User3: {"User_name":"UserDrag3","campaign_desc":"Desc:CampDescbyDrag3","vote":"No","remark":"User_Voted:No"}, Camp_User2: {"User_name":"UserDrag2","campaign_desc":"Desc:CampDescbyDrag2","vote":"Yes","remark":"User_Voted:Yes"}, Camp_User0: {"User_name":"UserDrag0","campaign_desc":"Desc:CampDescbyDrag0","vote":"No","remark":"User_Voted:No"}}
flpro1_log,2024-04-21 19:48:16.813894,20:32:46,,0:44:29.722718,2669.0,{module_import: version_001, Camp_User001: {"User_name":"User001","campaign_desc":"Desc:CampDescbyUserOne","vote":"Yes","remark":"User001_Yes"}, Camp_User1: {"User_name":"User001","campaign_desc":"Desc:CampDescbyUserOne","vote":"Yes","remark":"User001_Yes"}, Camp_User3: {"User_name":"UserDrag3","campaign_desc":"Desc:CampDescbyDrag3","vote":"No","remark":"User_Voted:No"}, Camp_User2: {"User_name":"UserDrag2","campaign_desc":"Desc:CampDescbyDrag2","vote":"Yes","remark":"User_Voted:Yes"}, Camp_User0: {"User_name":"UserDrag0","campaign_desc":"Desc:CampDescbyDrag0","vote":"No","remark":"User_Voted:No"}}
flpro1_log,2024-04-21 19:48:16.813894,20:32:48,,0:44:31.439645,2671.0,{module_import: version_001, Camp_User001: {"User_name":"User001","campaign_desc":"Desc:CampDescbyUserOne","vote":"Yes","remark":"User001_Yes"}, Camp_User1: {"User_name":"User001","campaign_desc":"Desc:CampDescbyUserOne","vote":"Yes","remark":"User001_Yes"}, Camp_User3: {"User_name":"UserDrag3","campaign_desc":"Desc:CampDescbyDrag3","vote":"No","remark":"User_Voted:No"}, Camp_User2: {"User_name":"UserDrag2","campaign_desc":"Desc:CampDescbyDrag2","vote":"Yes","remark":"User_Voted:Yes"}, Camp_User0: {"User_name":"UserDrag0","campaign_desc":"Desc:CampDescbyDrag0","vote":"No","remark":"User_Voted:No"}}
flpro1_log,2024-04-21 19:48:16.813894,20:32:50,,0:44:34.018423,2674.0,{module_import: version_001, Camp_User001: {"User_name":"User001","campaign_desc":"Desc:CampDescbyUserOne","vote":"Yes","remark":"User001_Yes"}, Camp_User1: {"User_name":"User001","campaign_desc":"Desc:CampDescbyUserOne","vote":"Yes","remark":"User001_Yes"}, Camp_User3: {"User_name":"UserDrag3","campaign_desc":"Desc:CampDescbyDrag3","vote":"No","remark":"User_Voted:No"}, Camp_User2: {"User_name":"UserDrag2","campaign_desc":"Desc:CampDescbyDrag2","vote":"Yes","remark":"User_Voted:Yes"}, Camp_User0: {"User_name":"UserDrag0","campaign_desc":"Desc:CampDescbyDrag0","vote":"No","remark":"User_Voted:No"}}
flpro1_log,2024-04-21 19:48:16.813894,20:32:52,,0:44:35.302580,2675.0,{module_import: version_001, Camp_User001: {"User_name":"User001","campaign_desc":"Desc:CampDescbyUserOne","vote":"Yes","remark":"User001_Yes"}, Camp_User1: {"User_name":"User001","campaign_desc":"Desc:CampDescbyUserOne","vote":"Yes","remark":"User001_Yes"}, Camp_User3: {"User_name":"UserDrag3","campaign_desc":"Desc:CampDescbyDrag3","vote":"No","remark":"User_Voted:No"}, Camp_User2: {"User_name":"UserDrag2","campaign_desc":"Desc:CampDescbyDrag2","vote":"Yes","remark":"User_Voted:Yes"}, Camp_User0: {"User_name":"UserDrag0","campaign_desc":"Desc:CampDescbyDrag0","vote":"No","remark":"User_Voted:No"}}
flpro1_log,2024-04-21 19:48:16.813894,20:33:43,,0:45:26.618515,2726.0,{module_import: version_001, Camp_User001: {"User_name":"User001","campaign_desc":"Desc:CampDescbyUserOne","vote":"Yes","remark":"User001_Yes"}, Camp_User1: {"User_name":"User001","campaign_desc":"Desc:CampDescbyUserOne","vote":"Yes","remark":"User001_Yes"}, Camp_User3: {"User_name":"UserDrag3","campaign_desc":"Desc:CampDescbyDrag3","vote":"No","remark":"User_Voted:No"}, Camp_User2: {"User_name":"UserDrag2","campaign_desc":"Desc:CampDescbyDrag2","vote":"Yes","remark":"User_Voted:Yes"}, Camp_User0: {"User_name":"UserDrag0","campaign_desc":"Desc:CampDescbyDrag0","vote":"No","remark":"User_Voted:No"}}
flpro1_log,2024-04-21 19:48:16.813894,20:33:45,,0:45:28.195352,2728.0,{module_import: version_001, Camp_User001: {"User_name":"User001","campaign_desc":"Desc:CampDescbyUserOne","vote":"Yes","remark":"User001_Yes"}, Camp_User1: {"User_name":"User001","campaign_desc":"Desc:CampDescbyUserOne","vote":"Yes","remark":"User001_Yes"}, Camp_User3: {"User_name":"UserDrag3","campaign_desc":"Desc:CampDescbyDrag3","vote":"No","remark":"User_Voted:No"}, Camp_User2: {"User_name":"UserDrag2","campaign_desc":"Desc:CampDescbyDrag2","vote":"Yes","remark":"User_Voted:Yes"}, Camp_User0: {"User_name":"UserDrag0","campaign_desc":"Desc:CampDescbyDrag0","vote":"No","remark":"User_Voted:No"}}
flpro1_log,2024-04-21 19:48:16.813894,20:33:45,,0:45:28.827759,2728.0,{module_import: version_001, Camp_User001: {"User_name":"User001","campaign_desc":"Desc:CampDescbyUserOne","vote":"Yes","remark":"User001_Yes"}, Camp_User1: {"User_name":"User001","campaign_desc":"Desc:CampDescbyUserOne","vote":"Yes","remark":"User001_Yes"}, Camp_User3: {"User_name":"UserDrag3","campaign_desc":"Desc:CampDescbyDrag3","vote":"No","remark":"User_Voted:No"}, Camp_User2: {"User_name":"UserDrag2","campaign_desc":"Desc:CampDescbyDrag2","vote":"Yes","remark":"User_Voted:Yes"}, Camp_User0: {"User_name":"UserDrag0","campaign_desc":"Desc:CampDescbyDrag0","vote":"No","remark":"User_Voted:No"}}
flpro1_log,2024-04-21 19:48:16.813894,20:33:46,,0:45:29.896093,2729.0,{module_import: version_001, Camp_User001: {"User_name":"User001","campaign_desc":"Desc:CampDescbyUserOne","vote":"Yes","remark":"User001_Yes"}, Camp_User1: {"User_name":"User001","campaign_desc":"Desc:CampDescbyUserOne","vote":"Yes","remark":"User001_Yes"}, Camp_User3: {"User_name":"UserDrag3","campaign_desc":"Desc:CampDescbyDrag3","vote":"No","remark":"User_Voted:No"}, Camp_User2: {"User_name":"UserDrag2","campaign_desc":"Desc:CampDescbyDrag2","vote":"Yes","remark":"User_Voted:Yes"}, Camp_User0: {"User_name":"UserDrag0","campaign_desc":"Desc:CampDescbyDrag0","vote":"No","remark":"User_Voted:No"}}
flpro1_log,2024-04-21 19:48:16.813894,20:33:47,,0:45:30.710270,2730.0,{module_import: version_001, Camp_User001: {"User_name":"User001","campaign_desc":"Desc:CampDescbyUserOne","vote":"Yes","remark":"User001_Yes"}, Camp_User1: {"User_name":"User001","campaign_desc":"Desc:CampDescbyUserOne","vote":"Yes","remark":"User001_Yes"}, Camp_User3: {"User_name":"UserDrag3","campaign_desc":"Desc:CampDescbyDrag3","vote":"No","remark":"User_Voted:No"}, Camp_User2: {"User_name":"UserDrag2","campaign_desc":"Desc:CampDescbyDrag2","vote":"Yes","remark":"User_Voted:Yes"}, Camp_User0: {"User_name":"UserDrag0","campaign_desc":"Desc:CampDescbyDrag0","vote":"No","remark":"User_Voted:No"}}
flpro1_log,2024-04-21 19:48:16.813894,20:33:48,,0:45:31.693190,2731.0,{module_import: version_001, Camp_User001: {"User_name":"User001","campaign_desc":"Desc:CampDescbyUserOne","vote":"Yes","remark":"User001_Yes"}, Camp_User1: {"User_name":"User001","campaign_desc":"Desc:CampDescbyUserOne","vote":"Yes","remark":"User001_Yes"}, Camp_User3: {"User_name":"UserDrag3","campaign_desc":"Desc:CampDescbyDrag3","vote":"No","remark":"User_Voted:No"}, Camp_User2: {"User_name":"UserDrag2","campaign_desc":"Desc:CampDescbyDrag2","vote":"Yes","remark":"User_Voted:Yes"}, Camp_User0: {"User_name":"UserDrag0","campaign_desc":"Desc:CampDescbyDrag0","vote":"No","remark":"User_Voted:No"}}
flpro1_log,2024-04-21 19:48:16.813894,20:33:49,,0:45:32.759901,2732.0,{module_import: version_001, Camp_User001: {"User_name":"User001","campaign_desc":"Desc:CampDescbyUserOne","vote":"Yes","remark":"User001_Yes"}, Camp_User1: {"User_name":"User001","campaign_desc":"Desc:CampDescbyUserOne","vote":"Yes","remark":"User001_Yes"}, Camp_User3: {"User_name":"UserDrag3","campaign_desc":"Desc:CampDescbyDrag3","vote":"No","remark":"User_Voted:No"}, Camp_User2: {"User_name":"UserDrag2","campaign_desc":"Desc:CampDescbyDrag2","vote":"Yes","remark":"User_Voted:Yes"}, Camp_User0: {"User_name":"UserDrag0","campaign_desc":"Desc:CampDescbyDrag0","vote":"No","remark":"User_Voted:No"}}
flpro1_log,2024-04-21 19:48:16.813894,20:33:50,,0:45:33.846599,2733.0,{module_import: version_001, Camp_User001: {"User_name":"User001","campaign_desc":"Desc:CampDescbyUserOne","vote":"Yes","remark":"User001_Yes"}, Camp_User1: {"User_name":"User001","campaign_desc":"Desc:CampDescbyUserOne","vote":"Yes","remark":"User001_Yes"}, Camp_User3: {"User_name":"UserDrag3","campaign_desc":"Desc:CampDescbyDrag3","vote":"No","remark":"User_Voted:No"}, Camp_User2: {"User_name":"UserDrag2","campaign_desc":"Desc:CampDescbyDrag2","vote":"Yes","remark":"User_Voted:Yes"}, Camp_User0: {"User_name":"UserDrag0","campaign_desc":"Desc:CampDescbyDrag0","vote":"No","remark":"User_Voted:No"}}
flpro1_log,2024-04-21 19:48:16.813894,20:33:51,,0:45:34.727585,2734.0,{module_import: version_001, Camp_User001: {"User_name":"User001","campaign_desc":"Desc:CampDescbyUserOne","vote":"Yes","remark":"User001_Yes"}, Camp_User1: {"User_name":"User001","campaign_desc":"Desc:CampDescbyUserOne","vote":"Yes","remark":"User001_Yes"}, Camp_User3: {"User_name":"UserDrag3","campaign_desc":"Desc:CampDescbyDrag3","vote":"No","remark":"User_Voted:No"}, Camp_User2: {"User_name":"UserDrag2","campaign_desc":"Desc:CampDescbyDrag2","vote":"Yes","remark":"User_Voted:Yes"}, Camp_User0: {"User_name":"UserDrag0","campaign_desc":"Desc:CampDescbyDrag0","vote":"No","remark":"User_Voted:No"}}
flpro1_log,2024-04-21 19:48:16.813894,20:33:52,,0:45:35.546293,2735.0,{module_import: version_001, Camp_User001: {"User_name":"User001","campaign_desc":"Desc:CampDescbyUserOne","vote":"Yes","remark":"User001_Yes"}, Camp_User1: {"User_name":"User001","campaign_desc":"Desc:CampDescbyUserOne","vote":"Yes","remark":"User001_Yes"}, Camp_User3: {"User_name":"UserDrag3","campaign_desc":"Desc:CampDescbyDrag3","vote":"No","remark":"User_Voted:No"}, Camp_User2: {"User_name":"UserDrag2","campaign_desc":"Desc:CampDescbyDrag2","vote":"Yes","remark":"User_Voted:Yes"}, Camp_User0: {"User_name":"UserDrag0","campaign_desc":"Desc:CampDescbyDrag0","vote":"No","remark":"User_Voted:No"}}
flpro1_log,2024-04-21 19:48:16.813894,20:33:52,,0:45:36.160182,2736.0,{module_import: version_001, Camp_User001: {"User_name":"User001","campaign_desc":"Desc:CampDescbyUserOne","vote":"Yes","remark":"User001_Yes"}, Camp_User1: {"User_name":"User001","campaign_desc":"Desc:CampDescbyUserOne","vote":"Yes","remark":"User001_Yes"}, Camp_User3: {"User_name":"UserDrag3","campaign_desc":"Desc:CampDescbyDrag3","vote":"No","remark":"User_Voted:No"}, Camp_User2: {"User_name":"UserDrag2","campaign_desc":"Desc:CampDescbyDrag2","vote":"Yes","remark":"User_Voted:Yes"}, Camp_User0: {"User_name":"UserDrag0","campaign_desc":"Desc:CampDescbyDrag0","vote":"No","remark":"User_Voted:No"}}
flpro1_log,2024-04-21 19:48:16.813894,20:34:05,,0:45:49.061933,2749.0,{module_import: version_001, Camp_User001: {"User_name":"User001","campaign_desc":"Desc:CampDescbyUserOne","vote":"Yes","remark":"User001_Yes"}, Camp_User1: {"User_name":"User001","campaign_desc":"Desc:CampDescbyUserOne","vote":"Yes","remark":"User001_Yes"}, Camp_User3: {"User_name":"UserDrag3","campaign_desc":"Desc:CampDescbyDrag3","vote":"No","remark":"User_Voted:No"}, Camp_User2: {"User_name":"UserDrag2","campaign_desc":"Desc:CampDescbyDrag2","vote":"Yes","remark":"User_Voted:Yes"}, Camp_User0: {"User_name":"UserDrag0","campaign_desc":"Desc:CampDescbyDrag0","vote":"No","remark":"User_Voted:No"}, Camp_User5: {"User_name":"UserDrag5","campaign_desc":"Desc:CampDescbyDrag5","vote":"Abs","remark":"User_Voted:Abs"}}
flpro1_log,2024-04-21 19:48:16.813894,20:34:08,,0:45:51.650142,2751.0,{module_import: version_001, Camp_User001: {"User_name":"User001","campaign_desc":"Desc:CampDescbyUserOne","vote":"Yes","remark":"User001_Yes"}, Camp_User1: {"User_name":"User001","campaign_desc":"Desc:CampDescbyUserOne","vote":"Yes","remark":"User001_Yes"}, Camp_User3: {"User_name":"UserDrag3","campaign_desc":"Desc:CampDescbyDrag3","vote":"No","remark":"User_Voted:No"}, Camp_User2: {"User_name":"UserDrag2","campaign_desc":"Desc:CampDescbyDrag2","vote":"Yes","remark":"User_Voted:Yes"}, Camp_User0: {"User_name":"UserDrag0","campaign_desc":"Desc:CampDescbyDrag0","vote":"No","remark":"User_Voted:No"}, Camp_User5: {"User_name":"UserDrag5","campaign_desc":"Desc:CampDescbyDrag5","vote":"Abs","remark":"User_Voted:Abs"}}
flpro1_log,2024-04-21 19:48:16.813894,20:34:09,,0:45:52.995282,2752.0,{module_import: version_001, Camp_User001: {"User_name":"User001","campaign_desc":"Desc:CampDescbyUserOne","vote":"Yes","remark":"User001_Yes"}, Camp_User1: {"User_name":"User001","campaign_desc":"Desc:CampDescbyUserOne","vote":"Yes","remark":"User001_Yes"}, Camp_User3: {"User_name":"UserDrag3","campaign_desc":"Desc:CampDescbyDrag3","vote":"No","remark":"User_Voted:No"}, Camp_User2: {"User_name":"UserDrag2","campaign_desc":"Desc:CampDescbyDrag2","vote":"Yes","remark":"User_Voted:Yes"}, Camp_User0: {"User_name":"UserDrag0","campaign_desc":"Desc:CampDescbyDrag0","vote":"No","remark":"User_Voted:No"}, Camp_User5: {"User_name":"UserDrag5","campaign_desc":"Desc:CampDescbyDrag5","vote":"Abs","remark":"User_Voted:Abs"}}
flpro1_log,2024-04-21 19:48:16.813894,20:34:10,,0:45:53.977125,2753.0,{module_import: version_001, Camp_User001: {"User_name":"User001","campaign_desc":"Desc:CampDescbyUserOne","vote":"Yes","remark":"User001_Yes"}, Camp_User1: {"User_name":"User001","campaign_desc":"Desc:CampDescbyUserOne","vote":"Yes","remark":"User001_Yes"}, Camp_User3: {"User_name":"UserDrag3","campaign_desc":"Desc:CampDescbyDrag3","vote":"No","remark":"User_Voted:No"}, Camp_User2: {"User_name":"UserDrag2","campaign_desc":"Desc:CampDescbyDrag2","vote":"Yes","remark":"User_Voted:Yes"}, Camp_User0: {"User_name":"UserDrag0","campaign_desc":"Desc:CampDescbyDrag0","vote":"No","remark":"User_Voted:No"}, Camp_User5: {"User_name":"UserDrag5","campaign_desc":"Desc:CampDescbyDrag5","vote":"Abs","remark":"User_Voted:Abs"}}
flpro1_log,2024-04-21 19:48:16.813894,20:34:11,,0:45:54.944578,2754.0,{module_import: version_001, Camp_User001: {"User_name":"User001","campaign_desc":"Desc:CampDescbyUserOne","vote":"Yes","remark":"User001_Yes"}, Camp_User1: {"User_name":"User001","campaign_desc":"Desc:CampDescbyUserOne","vote":"Yes","remark":"User001_Yes"}, Camp_User3: {"User_name":"UserDrag3","campaign_desc":"Desc:CampDescbyDrag3","vote":"No","remark":"User_Voted:No"}, Camp_User2: {"User_name":"UserDrag2","campaign_desc":"Desc:CampDescbyDrag2","vote":"Yes","remark":"User_Voted:Yes"}, Camp_User0: {"User_name":"UserDrag0","campaign_desc":"Desc:CampDescbyDrag0","vote":"No","remark":"User_Voted:No"}, Camp_User5: {"User_name":"UserDrag5","campaign_desc":"Desc:CampDescbyDrag5","vote":"Abs","remark":"User_Voted:Abs"}}
flpro1_log,2024-04-21 19:48:16.813894,20:34:13,,0:45:56.377620,2756.0,{module_import: version_001, Camp_User001: {"User_name":"User001","campaign_desc":"Desc:CampDescbyUserOne","vote":"Yes","remark":"User001_Yes"}, Camp_User1: {"User_name":"User001","campaign_desc":"Desc:CampDescbyUserOne","vote":"Yes","remark":"User001_Yes"}, Camp_User3: {"User_name":"UserDrag3","campaign_desc":"Desc:CampDescbyDrag3","vote":"No","remark":"User_Voted:No"}, Camp_User2: {"User_name":"UserDrag2","campaign_desc":"Desc:CampDescbyDrag2","vote":"Yes","remark":"User_Voted:Yes"}, Camp_User0: {"User_name":"UserDrag0","campaign_desc":"Desc:CampDescbyDrag0","vote":"No","remark":"User_Voted:No"}, Camp_User5: {"User_name":"UserDrag5","campaign_desc":"Desc:CampDescbyDrag5","vote":"Abs","remark":"User_Voted:Abs"}}
flpro1_log,2024-04-21 19:48:16.813894,20:34:13,,0:45:57.093436,2757.0,{module_import: version_001, Camp_User001: {"User_name":"User001","campaign_desc":"Desc:CampDescbyUserOne","vote":"Yes","remark":"User001_Yes"}, Camp_User1: {"User_name":"User001","campaign_desc":"Desc:CampDescbyUserOne","vote":"Yes","remark":"User001_Yes"}, Camp_User3: {"User_name":"UserDrag3","campaign_desc":"Desc:CampDescbyDrag3","vote":"No","remark":"User_Voted:No"}, Camp_User2: {"User_name":"UserDrag2","campaign_desc":"Desc:CampDescbyDrag2","vote":"Yes","remark":"User_Voted:Yes"}, Camp_User0: {"User_name":"UserDrag0","campaign_desc":"Desc:CampDescbyDrag0","vote":"No","remark":"User_Voted:No"}, Camp_User5: {"User_name":"UserDrag5","campaign_desc":"Desc:CampDescbyDrag5","vote":"Abs","remark":"User_Voted:Abs"}}
flpro1_log,2024-04-21 19:48:16.813894,20:34:14,,0:45:57.944400,2757.0,{module_import: version_001, Camp_User001: {"User_name":"User001","campaign_desc":"Desc:CampDescbyUserOne","vote":"Yes","remark":"User001_Yes"}, Camp_User1: {"User_name":"User001","campaign_desc":"Desc:CampDescbyUserOne","vote":"Yes","remark":"User001_Yes"}, Camp_User3: {"User_name":"UserDrag3","campaign_desc":"Desc:CampDescbyDrag3","vote":"No","remark":"User_Voted:No"}, Camp_User2: {"User_name":"UserDrag2","campaign_desc":"Desc:CampDescbyDrag2","vote":"Yes","remark":"User_Voted:Yes"}, Camp_User0: {"User_name":"UserDrag0","campaign_desc":"Desc:CampDescbyDrag0","vote":"No","remark":"User_Voted:No"}, Camp_User5: {"User_name":"UserDrag5","campaign_desc":"Desc:CampDescbyDrag5","vote":"Abs","remark":"User_Voted:Abs"}}
flpro1_log,2024-04-21 19:48:16.813894,20:34:15,,0:45:58.461334,2758.0,{module_import: version_001, Camp_User001: {"User_name":"User001","campaign_desc":"Desc:CampDescbyUserOne","vote":"Yes","remark":"User001_Yes"}, Camp_User1: {"User_name":"User001","campaign_desc":"Desc:CampDescbyUserOne","vote":"Yes","remark":"User001_Yes"}, Camp_User3: {"User_name":"UserDrag3","campaign_desc":"Desc:CampDescbyDrag3","vote":"No","remark":"User_Voted:No"}, Camp_User2: {"User_name":"UserDrag2","campaign_desc":"Desc:CampDescbyDrag2","vote":"Yes","remark":"User_Voted:Yes"}, Camp_User0: {"User_name":"UserDrag0","campaign_desc":"Desc:CampDescbyDrag0","vote":"No","remark":"User_Voted:No"}, Camp_User5: {"User_name":"UserDrag5","campaign_desc":"Desc:CampDescbyDrag5","vote":"Abs","remark":"User_Voted:Abs"}}
flpro1_log,2024-04-21 19:48:16.813894,20:34:15,,0:45:58.844294,2758.0,{module_import: version_001, Camp_User001: {"User_name":"User001","campaign_desc":"Desc:CampDescbyUserOne","vote":"Yes","remark":"User001_Yes"}, Camp_User1: {"User_name":"User001","campaign_desc":"Desc:CampDescbyUserOne","vote":"Yes","remark":"User001_Yes"}, Camp_User3: {"User_name":"UserDrag3","campaign_desc":"Desc:CampDescbyDrag3","vote":"No","remark":"User_Voted:No"}, Camp_User2: {"User_name":"UserDrag2","campaign_desc":"Desc:CampDescbyDrag2","vote":"Yes","remark":"User_Voted:Yes"}, Camp_User0: {"User_name":"UserDrag0","campaign_desc":"Desc:CampDescbyDrag0","vote":"No","remark":"User_Voted:No"}, Camp_User5: {"User_name":"UserDrag5","campaign_desc":"Desc:CampDescbyDrag5","vote":"Abs","remark":"User_Voted:Abs"}}
flpro1_log,2024-04-21 19:48:16.813894,20:34:16,,0:45:59.211372,2759.0,{module_import: version_001, Camp_User001: {"User_name":"User001","campaign_desc":"Desc:CampDescbyUserOne","vote":"Yes","remark":"User001_Yes"}, Camp_User1: {"User_name":"User001","campaign_desc":"Desc:CampDescbyUserOne","vote":"Yes","remark":"User001_Yes"}, Camp_User3: {"User_name":"UserDrag3","campaign_desc":"Desc:CampDescbyDrag3","vote":"No","remark":"User_Voted:No"}, Camp_User2: {"User_name":"UserDrag2","campaign_desc":"Desc:CampDescbyDrag2","vote":"Yes","remark":"User_Voted:Yes"}, Camp_User0: {"User_name":"UserDrag0","campaign_desc":"Desc:CampDescbyDrag0","vote":"No","remark":"User_Voted:No"}, Camp_User5: {"User_name":"UserDrag5","campaign_desc":"Desc:CampDescbyDrag5","vote":"Abs","remark":"User_Voted:Abs"}}
flpro1_log,2024-04-21 19:48:16.813894,20:34:16,,0:45:59.677991,2759.0,{module_import: version_001, Camp_User001: {"User_name":"User001","campaign_desc":"Desc:CampDescbyUserOne","vote":"Yes","remark":"User001_Yes"}, Camp_User1: {"User_name":"User001","campaign_desc":"Desc:CampDescbyUserOne","vote":"Yes","remark":"User001_Yes"}, Camp_User3: {"User_name":"UserDrag3","campaign_desc":"Desc:CampDescbyDrag3","vote":"No","remark":"User_Voted:No"}, Camp_User2: {"User_name":"UserDrag2","campaign_desc":"Desc:CampDescbyDrag2","vote":"Yes","remark":"User_Voted:Yes"}, Camp_User0: {"User_name":"UserDrag0","campaign_desc":"Desc:CampDescbyDrag0","vote":"No","remark":"User_Voted:No"}, Camp_User5: {"User_name":"UserDrag5","campaign_desc":"Desc:CampDescbyDrag5","vote":"Abs","remark":"User_Voted:Abs"}}
flpro1_log,2024-04-21 19:48:16.813894,20:34:17,,0:46:00.459376,2760.0,{module_import: version_001, Camp_User001: {"User_name":"User001","campaign_desc":"Desc:CampDescbyUserOne","vote":"Yes","remark":"User001_Yes"}, Camp_User1: {"User_name":"User001","campaign_desc":"Desc:CampDescbyUserOne","vote":"Yes","remark":"User001_Yes"}, Camp_User3: {"User_name":"UserDrag3","campaign_desc":"Desc:CampDescbyDrag3","vote":"No","remark":"User_Voted:No"}, Camp_User2: {"User_name":"UserDrag2","campaign_desc":"Desc:CampDescbyDrag2","vote":"Yes","remark":"User_Voted:Yes"}, Camp_User0: {"User_name":"UserDrag0","campaign_desc":"Desc:CampDescbyDrag0","vote":"No","remark":"User_Voted:No"}, Camp_User5: {"User_name":"UserDrag5","campaign_desc":"Desc:CampDescbyDrag5","vote":"Abs","remark":"User_Voted:Abs"}}
flpro1_log,2024-04-21 19:48:16.813894,20:34:17,,0:46:01.109939,2761.0,{module_import: version_001, Camp_User001: {"User_name":"User001","campaign_desc":"Desc:CampDescbyUserOne","vote":"Yes","remark":"User001_Yes"}, Camp_User1: {"User_name":"User001","campaign_desc":"Desc:CampDescbyUserOne","vote":"Yes","remark":"User001_Yes"}, Camp_User3: {"User_name":"UserDrag3","campaign_desc":"Desc:CampDescbyDrag3","vote":"No","remark":"User_Voted:No"}, Camp_User2: {"User_name":"UserDrag2","campaign_desc":"Desc:CampDescbyDrag2","vote":"Yes","remark":"User_Voted:Yes"}, Camp_User0: {"User_name":"UserDrag0","campaign_desc":"Desc:CampDescbyDrag0","vote":"No","remark":"User_Voted:No"}, Camp_User5: {"User_name":"UserDrag5","campaign_desc":"Desc:CampDescbyDrag5","vote":"Abs","remark":"User_Voted:Abs"}}
flpro1_log,2024-04-21 19:48:16.813894,20:34:18,,0:46:01.993537,2761.0,{module_import: version_001, Camp_User001: {"User_name":"User001","campaign_desc":"Desc:CampDescbyUserOne","vote":"Yes","remark":"User001_Yes"}, Camp_User1: {"User_name":"User001","campaign_desc":"Desc:CampDescbyUserOne","vote":"Yes","remark":"User001_Yes"}, Camp_User3: {"User_name":"UserDrag3","campaign_desc":"Desc:CampDescbyDrag3","vote":"No","remark":"User_Voted:No"}, Camp_User2: {"User_name":"UserDrag2","campaign_desc":"Desc:CampDescbyDrag2","vote":"Yes","remark":"User_Voted:Yes"}, Camp_User0: {"User_name":"UserDrag0","campaign_desc":"Desc:CampDescbyDrag0","vote":"No","remark":"User_Voted:No"}, Camp_User5: {"User_name":"UserDrag5","campaign_desc":"Desc:CampDescbyDrag5","vote":"Abs","remark":"User_Voted:Abs"}}
flpro1_log,2024-04-21 19:48:16.813894,20:34:19,,0:46:02.794293,2762.0,{module_import: version_001, Camp_User001: {"User_name":"User001","campaign_desc":"Desc:CampDescbyUserOne","vote":"Yes","remark":"User001_Yes"}, Camp_User1: {"User_name":"User001","campaign_desc":"Desc:CampDescbyUserOne","vote":"Yes","remark":"User001_Yes"}, Camp_User3: {"User_name":"UserDrag3","campaign_desc":"Desc:CampDescbyDrag3","vote":"No","remark":"User_Voted:No"}, Camp_User2: {"User_name":"UserDrag2","campaign_desc":"Desc:CampDescbyDrag2","vote":"Yes","remark":"User_Voted:Yes"}, Camp_User0: {"User_name":"UserDrag0","campaign_desc":"Desc:CampDescbyDrag0","vote":"No","remark":"User_Voted:No"}, Camp_User5: {"User_name":"UserDrag5","campaign_desc":"Desc:CampDescbyDrag5","vote":"Abs","remark":"User_Voted:Abs"}}
flpro1_log,2024-04-21 19:48:16.813894,20:34:20,,0:46:03.361463,2763.0,{module_import: version_001, Camp_User001: {"User_name":"User001","campaign_desc":"Desc:CampDescbyUserOne","vote":"Yes","remark":"User001_Yes"}, Camp_User1: {"User_name":"User001","campaign_desc":"Desc:CampDescbyUserOne","vote":"Yes","remark":"User001_Yes"}, Camp_User3: {"User_name":"UserDrag3","campaign_desc":"Desc:CampDescbyDrag3","vote":"No","remark":"User_Voted:No"}, Camp_User2: {"User_name":"UserDrag2","campaign_desc":"Desc:CampDescbyDrag2","vote":"Yes","remark":"User_Voted:Yes"}, Camp_User0: {"User_name":"UserDrag0","campaign_desc":"Desc:CampDescbyDrag0","vote":"No","remark":"User_Voted:No"}, Camp_User5: {"User_name":"UserDrag5","campaign_desc":"Desc:CampDescbyDrag5","vote":"Abs","remark":"User_Voted:Abs"}}
flpro1_log,2024-04-21 19:48:16.813894,20:34:20,,0:46:04.082382,2764.0,{module_import: version_001, Camp_User001: {"User_name":"User001","campaign_desc":"Desc:CampDescbyUserOne","vote":"Yes","remark":"User001_Yes"}, Camp_User1: {"User_name":"User001","campaign_desc":"Desc:CampDescbyUserOne","vote":"Yes","remark":"User001_Yes"}, Camp_User3: {"User_name":"UserDrag3","campaign_desc":"Desc:CampDescbyDrag3","vote":"No","remark":"User_Voted:No"}, Camp_User2: {"User_name":"UserDrag2","campaign_desc":"Desc:CampDescbyDrag2","vote":"Yes","remark":"User_Voted:Yes"}, Camp_User0: {"User_name":"UserDrag0","campaign_desc":"Desc:CampDescbyDrag0","vote":"No","remark":"User_Voted:No"}, Camp_User5: {"User_name":"UserDrag5","campaign_desc":"Desc:CampDescbyDrag5","vote":"Abs","remark":"User_Voted:Abs"}}
flpro1_log,2024-04-21 19:48:16.813894,20:34:22,,0:46:05.749730,2765.0,{module_import: version_001, Camp_User001: {"User_name":"User001","campaign_desc":"Desc:CampDescbyUserOne","vote":"Yes","remark":"User001_Yes"}, Camp_User1: {"User_name":"User001","campaign_desc":"Desc:CampDescbyUserOne","vote":"Yes","remark":"User001_Yes"}, Camp_User3: {"User_name":"UserDrag3","campaign_desc":"Desc:CampDescbyDrag3","vote":"No","remark":"User_Voted:No"}, Camp_User2: {"User_name":"UserDrag2","campaign_desc":"Desc:CampDescbyDrag2","vote":"Yes","remark":"User_Voted:Yes"}, Camp_User0: {"User_name":"UserDrag0","campaign_desc":"Desc:CampDescbyDrag0","vote":"No","remark":"User_Voted:No"}, Camp_User5: {"User_name":"UserDrag5","campaign_desc":"Desc:CampDescbyDrag5","vote":"Abs","remark":"User_Voted:Abs"}}
flpro1_log,2024-04-21 19:48:16.813894,20:34:23,,0:46:06.993544,2766.0,{module_import: version_001, Camp_User001: {"User_name":"User001","campaign_desc":"Desc:CampDescbyUserOne","vote":"Yes","remark":"User001_Yes"}, Camp_User1: {"User_name":"User001","campaign_desc":"Desc:CampDescbyUserOne","vote":"Yes","remark":"User001_Yes"}, Camp_User3: {"User_name":"UserDrag3","campaign_desc":"Desc:CampDescbyDrag3","vote":"No","remark":"User_Voted:No"}, Camp_User2: {"User_name":"UserDrag2","campaign_desc":"Desc:CampDescbyDrag2","vote":"Yes","remark":"User_Voted:Yes"}, Camp_User0: {"User_name":"UserDrag0","campaign_desc":"Desc:CampDescbyDrag0","vote":"No","remark":"User_Voted:No"}, Camp_User5: {"User_name":"UserDrag5","campaign_desc":"Desc:CampDescbyDrag5","vote":"Abs","remark":"User_Voted:Abs"}}
flpro1_log,2024-04-21 19:48:16.813894,20:35:05,,0:46:48.970861,2808.0,{module_import: version_001, Camp_User001: {"User_name":"User001","campaign_desc":"Desc:CampDescbyUserOne","vote":"Yes","remark":"User001_Yes"}, Camp_User1: {"User_name":"User001","campaign_desc":"Desc:CampDescbyUserOne","vote":"Yes","remark":"User001_Yes"}, Camp_User3: {"User_name":"UserDrag3","campaign_desc":"Desc:CampDescbyDrag3","vote":"No","remark":"User_Voted:No"}, Camp_User2: {"User_name":"UserDrag2","campaign_desc":"Desc:CampDescbyDrag2","vote":"Yes","remark":"User_Voted:Yes"}, Camp_User0: {"User_name":"UserDrag0","campaign_desc":"Desc:CampDescbyDrag0","vote":"No","remark":"User_Voted:No"}, Camp_User5: {"User_name":"UserDrag5","campaign_desc":"Desc:CampDescbyDrag5","vote":"Abs","remark":"User_Voted:Abs"}}
flpro1_log,2024-04-21 19:48:16.813894,20:35:12,,0:46:55.221772,2815.0,{module_import: version_001, Camp_User001: {"User_name":"User001","campaign_desc":"Desc:CampDescbyUserOne","vote":"Yes","remark":"User001_Yes"}, Camp_User1: {"User_name":"User001","campaign_desc":"Desc:CampDescbyUserOne","vote":"Yes","remark":"User001_Yes"}, Camp_User3: {"User_name":"UserDrag3","campaign_desc":"Desc:CampDescbyDrag3","vote":"No","remark":"User_Voted:No"}, Camp_User2: {"User_name":"UserDrag2","campaign_desc":"Desc:CampDescbyDrag2","vote":"Yes","remark":"User_Voted:Yes"}, Camp_User0: {"User_name":"UserDrag0","campaign_desc":"Desc:CampDescbyDrag0","vote":"No","remark":"User_Voted:No"}, Camp_User5: {"User_name":"UserDrag5","campaign_desc":"Desc:CampDescbyDrag5","vote":"Abs","remark":"User_Voted:Abs"}}
flpro1_log,2024-04-21 19:48:16.813894,20:35:15,,0:46:59.027712,2819.0,{module_import: version_001, Camp_User001: {"User_name":"User001","campaign_desc":"Desc:CampDescbyUserOne","vote":"Yes","remark":"User001_Yes"}, Camp_User1: {"User_name":"User001","campaign_desc":"Desc:CampDescbyUserOne","vote":"Yes","remark":"User001_Yes"}, Camp_User3: {"User_name":"UserDrag3","campaign_desc":"Desc:CampDescbyDrag3","vote":"No","remark":"User_Voted:No"}, Camp_User2: {"User_name":"UserDrag2","campaign_desc":"Desc:CampDescbyDrag2","vote":"Yes","remark":"User_Voted:Yes"}, Camp_User0: {"User_name":"UserDrag0","campaign_desc":"Desc:CampDescbyDrag0","vote":"No","remark":"User_Voted:No"}, Camp_User5: {"User_name":"UserDrag5","campaign_desc":"Desc:CampDescbyDrag5","vote":"Abs","remark":"User_Voted:Abs"}}
flpro1_log,2024-04-21 19:48:16.813894,20:35:17,,0:47:00.193542,2820.0,{module_import: version_001, Camp_User001: {"User_name":"User001","campaign_desc":"Desc:CampDescbyUserOne","vote":"Yes","remark":"User001_Yes"}, Camp_User1: {"User_name":"User001","campaign_desc":"Desc:CampDescbyUserOne","vote":"Yes","remark":"User001_Yes"}, Camp_User3: {"User_name":"UserDrag3","campaign_desc":"Desc:CampDescbyDrag3","vote":"No","remark":"User_Voted:No"}, Camp_User2: {"User_name":"UserDrag2","campaign_desc":"Desc:CampDescbyDrag2","vote":"Yes","remark":"User_Voted:Yes"}, Camp_User0: {"User_name":"UserDrag0","campaign_desc":"Desc:CampDescbyDrag0","vote":"No","remark":"User_Voted:No"}, Camp_User5: {"User_name":"UserDrag5","campaign_desc":"Desc:CampDescbyDrag5","vote":"Abs","remark":"User_Voted:Abs"}}
flpro1_log,2024-04-21 19:48:16.813894,20:35:18,,0:47:01.947034,2821.0,{module_import: version_001, Camp_User001: {"User_name":"User001","campaign_desc":"Desc:CampDescbyUserOne","vote":"Yes","remark":"User001_Yes"}, Camp_User1: {"User_name":"User001","campaign_desc":"Desc:CampDescbyUserOne","vote":"Yes","remark":"User001_Yes"}, Camp_User3: {"User_name":"UserDrag3","campaign_desc":"Desc:CampDescbyDrag3","vote":"No","remark":"User_Voted:No"}, Camp_User2: {"User_name":"UserDrag2","campaign_desc":"Desc:CampDescbyDrag2","vote":"Yes","remark":"User_Voted:Yes"}, Camp_User0: {"User_name":"UserDrag0","campaign_desc":"Desc:CampDescbyDrag0","vote":"No","remark":"User_Voted:No"}, Camp_User5: {"User_name":"UserDrag5","campaign_desc":"Desc:CampDescbyDrag5","vote":"Abs","remark":"User_Voted:Abs"}}
flpro1_log,2024-04-21 19:48:16.813894,20:35:20,,0:47:03.639640,2823.0,{module_import: version_001, Camp_User001: {"User_name":"User001","campaign_desc":"Desc:CampDescbyUserOne","vote":"Yes","remark":"User001_Yes"}, Camp_User1: {"User_name":"User001","campaign_desc":"Desc:CampDescbyUserOne","vote":"Yes","remark":"User001_Yes"}, Camp_User3: {"User_name":"UserDrag3","campaign_desc":"Desc:CampDescbyDrag3","vote":"No","remark":"User_Voted:No"}, Camp_User2: {"User_name":"UserDrag2","campaign_desc":"Desc:CampDescbyDrag2","vote":"Yes","remark":"User_Voted:Yes"}, Camp_User0: {"User_name":"UserDrag0","campaign_desc":"Desc:CampDescbyDrag0","vote":"No","remark":"User_Voted:No"}, Camp_User5: {"User_name":"UserDrag5","campaign_desc":"Desc:CampDescbyDrag5","vote":"Abs","remark":"User_Voted:Abs"}}
flpro1_log,2024-04-21 19:48:16.813894,20:35:21,,0:47:04.660376,2824.0,{module_import: version_001, Camp_User001: {"User_name":"User001","campaign_desc":"Desc:CampDescbyUserOne","vote":"Yes","remark":"User001_Yes"}, Camp_User1: {"User_name":"User001","campaign_desc":"Desc:CampDescbyUserOne","vote":"Yes","remark":"User001_Yes"}, Camp_User3: {"User_name":"UserDrag3","campaign_desc":"Desc:CampDescbyDrag3","vote":"No","remark":"User_Voted:No"}, Camp_User2: {"User_name":"UserDrag2","campaign_desc":"Desc:CampDescbyDrag2","vote":"Yes","remark":"User_Voted:Yes"}, Camp_User0: {"User_name":"UserDrag0","campaign_desc":"Desc:CampDescbyDrag0","vote":"No","remark":"User_Voted:No"}, Camp_User5: {"User_name":"UserDrag5","campaign_desc":"Desc:CampDescbyDrag5","vote":"Abs","remark":"User_Voted:Abs"}}
